#
# There is insufficient memory for the Java Runtime Environment to continue.
# Native memory allocation (malloc) failed to allocate 1677296 bytes. Error detail: Chunk::new
# Possible reasons:
#   The system is out of physical RAM or swap space
#   This process is running with CompressedOops enabled, and the Java Heap may be blocking the growth of the native heap
# Possible solutions:
#   Reduce memory load on the system
#   Increase physical memory or swap space
#   Check if swap backing store is full
#   Decrease Java heap size (-Xmx/-Xms)
#   Decrease number of Java threads
#   Decrease Java thread stack sizes (-Xss)
#   Set larger code cache with -XX:ReservedCodeCacheSize=
#   JVM is running with Zero Based Compressed Oops mode in which the Java heap is
#     placed in the first 32GB address space. The Java Heap base address is the
#     maximum limit for the native heap growth. Please use -XX:HeapBaseMinAddress
#     to set the Java Heap base and to place the Java Heap above 32GB virtual address.
# This output file may be truncated or incomplete.
#
#  Out of Memory Error (arena.cpp:168), pid=10580, tid=9032
#
# JRE version: OpenJDK Runtime Environment Temurin-21.0.10+7 (21.0.10+7) (build 21.0.10+7-LTS)
# Java VM: OpenJDK 64-Bit Server VM Temurin-21.0.10+7 (21.0.10+7-LTS, mixed mode, sharing, tiered, compressed oops, compressed class ptrs, g1 gc, windows-amd64)
# No core dump will be written. Minidumps are not enabled by default on client versions of Windows
#

---------------  S U M M A R Y ------------

Command Line: --add-opens=java.base/java.lang=ALL-UNNAMED --add-opens=java.base/java.lang.invoke=ALL-UNNAMED --add-opens=java.base/java.util=ALL-UNNAMED --add-opens=java.prefs/java.util.prefs=ALL-UNNAMED --add-exports=jdk.compiler/com.sun.tools.javac.api=ALL-UNNAMED --add-exports=jdk.compiler/com.sun.tools.javac.util=ALL-UNNAMED --add-opens=java.base/java.util=ALL-UNNAMED --add-opens=java.prefs/java.util.prefs=ALL-UNNAMED --add-opens=java.base/java.nio.charset=ALL-UNNAMED --add-opens=java.base/java.net=ALL-UNNAMED --add-opens=java.base/java.util.concurrent.atomic=ALL-UNNAMED --add-opens=java.xml/javax.xml.namespace=ALL-UNNAMED -XX:MaxMetaspaceSize=512m -Xmx4096m -Dfile.encoding=UTF-8 -Duser.country=US -Duser.language=en -Duser.variant -javaagent:C:\Users\HP\.gradle\wrapper\dists\gradle-8.14.3-bin\cv11ve7ro1n3o1j4so8xd9n66\gradle-8.14.3\lib\agents\gradle-instrumentation-agent-8.14.3.jar org.gradle.launcher.daemon.bootstrap.GradleDaemon 8.14.3

Host: 11th Gen Intel(R) Core(TM) i5-1135G7 @ 2.40GHz, 8 cores, 23G,  Windows 11 , 64 bit Build 26100 (10.0.26100.8246)
Time: Fri Apr 24 21:15:15 2026 Middle East Daylight Time elapsed time: 64.672908 seconds (0d 0h 1m 4s)

---------------  T H R E A D  ---------------

Current thread (0x0000024ab920b210):  JavaThread "C2 CompilerThread0" daemon [_thread_in_native, id=9032, stack(0x0000005713b00000,0x0000005713c00000) (1024K)]


Current CompileTask:
C2:64673 15979   !   4       java.net.URLClassLoader$1::run (81 bytes)

Stack: [0x0000005713b00000,0x0000005713c00000]
Native frames: (J=compiled Java code, j=interpreted, Vv=VM code, C=native code)
V  [jvm.dll+0x6d7a39]
V  [jvm.dll+0x8b4b26]
V  [jvm.dll+0x8b70de]
V  [jvm.dll+0x8b77c3]
V  [jvm.dll+0x284346]
V  [jvm.dll+0xc66ed]
V  [jvm.dll+0xc6c31]
V  [jvm.dll+0x3bec01]
V  [jvm.dll+0x38b162]
V  [jvm.dll+0x38a5aa]
V  [jvm.dll+0x24c560]
V  [jvm.dll+0x24bb40]
V  [jvm.dll+0x1cb34e]
V  [jvm.dll+0x25b85d]
V  [jvm.dll+0x259dea]
V  [jvm.dll+0x3f857e]
V  [jvm.dll+0x85f59d]
V  [jvm.dll+0x6d626d]
C  [ucrtbase.dll+0x37b0]
C  [KERNEL32.DLL+0x2e8d7]
C  [ntdll.dll+0x8c3fc]


---------------  P R O C E S S  ---------------

Threads class SMR info:
_java_thread_list=0x0000024adea43070, length=175, elements={
0x0000024a9f2220d0, 0x0000024ab91f8140, 0x0000024ab91f98c0, 0x0000024ab91fe520,
0x0000024ab91ff460, 0x0000024ab9201400, 0x0000024ab9202ec0, 0x0000024ab920b210,
0x0000024ab920e4e0, 0x0000024ab949d0a0, 0x0000024ab94bc180, 0x0000024ad9e93560,
0x0000024ad9fbc270, 0x0000024ada03b320, 0x0000024ada224050, 0x0000024ada204c40,
0x0000024ada21f450, 0x0000024ada222140, 0x0000024ada022de0, 0x0000024ada152ce0,
0x0000024ada1512a0, 0x0000024ada150580, 0x0000024ada150c10, 0x0000024ada151930,
0x0000024ada152650, 0x0000024adc23c560, 0x0000024adc23b840, 0x0000024adc23cbf0,
0x0000024adc23ab20, 0x0000024adc23d280, 0x0000024adc23ecc0, 0x0000024adc23d910,
0x0000024adc240d90, 0x0000024adc23f9e0, 0x0000024adc240700, 0x0000024adc23dfa0,
0x0000024adc241ab0, 0x0000024adc23e630, 0x0000024adc242140, 0x0000024adc2d4160,
0x0000024adc2d3440, 0x0000024adc2d0ce0, 0x0000024adc2d2720, 0x0000024adc2d2db0,
0x0000024adc2d6230, 0x0000024adc2d68c0, 0x0000024adc2d6f50, 0x0000024adc2d4e80,
0x0000024adc2d75e0, 0x0000024adc2d7c70, 0x0000024adc23bed0, 0x0000024adcb734e0,
0x0000024adcb71410, 0x0000024adcb72e50, 0x0000024adcb71aa0, 0x0000024adcb72130,
0x0000024adcb70060, 0x0000024adcb727c0, 0x0000024adcb706f0, 0x0000024adcb70d80,
0x0000024add2ab000, 0x0000024add2addf0, 0x0000024add2aca40, 0x0000024add2ad0d0,
0x0000024add2ad760, 0x0000024add2aa970, 0x0000024add2ae480, 0x0000024add2aeb10,
0x0000024add2b0be0, 0x0000024add2ab690, 0x0000024add2afec0, 0x0000024addcde060,
0x0000024addce0130, 0x0000024addcdfaa0, 0x0000024addcdf410, 0x0000024addce14e0,
0x0000024addce07c0, 0x0000024addce0e50, 0x0000024addcde6f0, 0x0000024addcded80,
0x0000024addce2200, 0x0000024addce42d0, 0x0000024addce2890, 0x0000024addce4ff0,
0x0000024addce3c40, 0x0000024addce2f20, 0x0000024addce4960, 0x0000024addce5680,
0x0000024addce35b0, 0x0000024adc240070, 0x0000024ae406fff0, 0x0000024ae4070680,
0x0000024ae4073b00, 0x0000024ae4071a30, 0x0000024ae4074190, 0x0000024ae4070d10,
0x0000024ae40713a0, 0x0000024ae4072750, 0x0000024ae4072de0, 0x0000024ae4077610,
0x0000024add9387f0, 0x0000024add93b5e0, 0x0000024add93af50, 0x0000024add93c300,
0x0000024add93bc70, 0x0000024add938e80, 0x0000024add93c990, 0x0000024add939510,
0x0000024add93d020, 0x0000024add939ba0, 0x0000024add93d6b0, 0x0000024add93a230,
0x0000024add93dd40, 0x0000024add93ea60, 0x0000024add93e3d0, 0x0000024add93f0f0,
0x0000024add93f780, 0x0000024add93fe10, 0x0000024ade4a5330, 0x0000024ade4a4610,
0x0000024ade4a4ca0, 0x0000024ade4a59c0, 0x0000024ade4a66e0, 0x0000024ade4a7a90,
0x0000024ade4a7400, 0x0000024ade4a6050, 0x0000024ade4a6d70, 0x0000024aded00470,
0x0000024aded01820, 0x0000024adecfe3a0, 0x0000024aded01190, 0x0000024aded01eb0,
0x0000024aded00b00, 0x0000024adecfea30, 0x0000024aded02540, 0x0000024adecff0c0,
0x0000024aded02bd0, 0x0000024adecff750, 0x0000024aded03260, 0x0000024adecffde0,
0x0000024aded038f0, 0x0000024aded03f80, 0x0000024aded059c0, 0x0000024aded04610,
0x0000024aded04ca0, 0x0000024ae40720c0, 0x0000024aded05330, 0x0000024ae4075540,
0x0000024add2af1a0, 0x0000024ade5df8f0, 0x0000024ade5debd0, 0x0000024ade5dd820,
0x0000024ade5dd190, 0x0000024ae4076f80, 0x0000024adf142410, 0x0000024adf142aa0,
0x0000024adf141060, 0x0000024adf143130, 0x0000024adf1409d0, 0x0000024adf1437c0,
0x0000024adf145200, 0x0000024adf145890, 0x0000024adf144b70, 0x0000024adf1444e0,
0x0000024adf14ade0, 0x0000024adf14a750, 0x0000024adf14c820, 0x0000024ade5df260,
0x0000024ade5dff80, 0x0000024ade5e1330, 0x0000024ade5e0ca0, 0x0000024ade5e19c0,
0x0000024ade5e2050, 0x0000024ae4181670, 0x0000024ae4181d40
}

Java Threads: ( => current thread )
  0x0000024a9f2220d0 JavaThread "main"                              [_thread_blocked, id=28148, stack(0x0000005712d00000,0x0000005712e00000) (1024K)]
  0x0000024ab91f8140 JavaThread "Reference Handler"          daemon [_thread_blocked, id=30492, stack(0x0000005713500000,0x0000005713600000) (1024K)]
  0x0000024ab91f98c0 JavaThread "Finalizer"                  daemon [_thread_blocked, id=27276, stack(0x0000005713600000,0x0000005713700000) (1024K)]
  0x0000024ab91fe520 JavaThread "Signal Dispatcher"          daemon [_thread_blocked, id=27620, stack(0x0000005713700000,0x0000005713800000) (1024K)]
  0x0000024ab91ff460 JavaThread "Attach Listener"            daemon [_thread_blocked, id=26740, stack(0x0000005713800000,0x0000005713900000) (1024K)]
  0x0000024ab9201400 JavaThread "Service Thread"             daemon [_thread_blocked, id=5160, stack(0x0000005713900000,0x0000005713a00000) (1024K)]
  0x0000024ab9202ec0 JavaThread "Monitor Deflation Thread"   daemon [_thread_blocked, id=20196, stack(0x0000005713a00000,0x0000005713b00000) (1024K)]
=>0x0000024ab920b210 JavaThread "C2 CompilerThread0"         daemon [_thread_in_native, id=9032, stack(0x0000005713b00000,0x0000005713c00000) (1024K)]
  0x0000024ab920e4e0 JavaThread "C1 CompilerThread0"         daemon [_thread_blocked, id=18400, stack(0x0000005713c00000,0x0000005713d00000) (1024K)]
  0x0000024ab949d0a0 JavaThread "Common-Cleaner"             daemon [_thread_blocked, id=18872, stack(0x0000005713d00000,0x0000005713e00000) (1024K)]
  0x0000024ab94bc180 JavaThread "Notification Thread"        daemon [_thread_blocked, id=11092, stack(0x0000005713e00000,0x0000005713f00000) (1024K)]
  0x0000024ad9e93560 JavaThread "Daemon health stats"               [_thread_blocked, id=28984, stack(0x0000005714700000,0x0000005714800000) (1024K)]
  0x0000024ad9fbc270 JavaThread "Incoming local TCP Connector on port 52527"        [_thread_in_native, id=31728, stack(0x0000005714800000,0x0000005714900000) (1024K)]
  0x0000024ada03b320 JavaThread "Daemon periodic checks"            [_thread_blocked, id=22944, stack(0x0000005714900000,0x0000005714a00000) (1024K)]
  0x0000024ada224050 JavaThread "Daemon"                            [_thread_blocked, id=3860, stack(0x0000005714a00000,0x0000005714b00000) (1024K)]
  0x0000024ada204c40 JavaThread "Handler for socket connection from /127.0.0.1:52527 to /127.0.0.1:52530"        [_thread_in_native, id=26528, stack(0x0000005714b00000,0x0000005714c00000) (1024K)]
  0x0000024ada21f450 JavaThread "Cancel handler"                    [_thread_blocked, id=12060, stack(0x0000005714c00000,0x0000005714d00000) (1024K)]
  0x0000024ada222140 JavaThread "Daemon worker"                     [_thread_in_Java, id=17516, stack(0x0000005714d00000,0x0000005714e00000) (1024K)]
  0x0000024ada022de0 JavaThread "Asynchronous log dispatcher for DefaultDaemonConnection: socket connection from /127.0.0.1:52527 to /127.0.0.1:52530"        [_thread_blocked, id=31036, stack(0x0000005714e00000,0x0000005714f00000) (1024K)]
  0x0000024ada152ce0 JavaThread "Stdin handler"                     [_thread_blocked, id=9352, stack(0x0000005714f00000,0x0000005715000000) (1024K)]
  0x0000024ada1512a0 JavaThread "Daemon client event forwarder"        [_thread_blocked, id=18868, stack(0x0000005715000000,0x0000005715100000) (1024K)]
  0x0000024ada150580 JavaThread "Cache worker for journal cache (C:\Users\HP\.gradle\caches\journal-1)"        [_thread_blocked, id=22268, stack(0x0000005715100000,0x0000005715200000) (1024K)]
  0x0000024ada150c10 JavaThread "File lock request listener"        [_thread_in_native, id=28956, stack(0x0000005715200000,0x0000005715300000) (1024K)]
  0x0000024ada151930 JavaThread "Cache worker for file hash cache (C:\Users\HP\.gradle\caches\8.14.3\fileHashes)"        [_thread_blocked, id=24148, stack(0x0000005715300000,0x0000005715400000) (1024K)]
  0x0000024ada152650 JavaThread "Cache worker for file hash cache (C:\Users\HP\Downloads\Ejri Bl 3ishe\Orion\android\.gradle\8.14.3\fileHashes)"        [_thread_blocked, id=23676, stack(0x0000005715600000,0x0000005715700000) (1024K)]
  0x0000024adc23c560 JavaThread "Cache worker for Build Output Cleanup Cache (C:\Users\HP\Downloads\Ejri Bl 3ishe\Orion\android\.gradle\buildOutputCleanup)"        [_thread_blocked, id=26940, stack(0x0000005715700000,0x0000005715800000) (1024K)]
  0x0000024adc23b840 JavaThread "File watcher server"        daemon [_thread_in_native, id=22540, stack(0x0000005715800000,0x0000005715900000) (1024K)]
  0x0000024adc23cbf0 JavaThread "File watcher consumer"      daemon [_thread_blocked, id=30892, stack(0x0000005715900000,0x0000005715a00000) (1024K)]
  0x0000024adc23ab20 JavaThread "jar transforms"                    [_thread_blocked, id=27900, stack(0x0000005715400000,0x0000005715500000) (1024K)]
  0x0000024adc23d280 JavaThread "jar transforms Thread 2"           [_thread_blocked, id=31644, stack(0x0000005715a00000,0x0000005715b00000) (1024K)]
  0x0000024adc23ecc0 JavaThread "Cache worker for checksums cache (C:\Users\HP\Downloads\Ejri Bl 3ishe\Orion\android\.gradle\8.14.3\checksums)"        [_thread_blocked, id=29476, stack(0x0000005715c00000,0x0000005715d00000) (1024K)]
  0x0000024adc23d910 JavaThread "Cache worker for file content cache (C:\Users\HP\.gradle\caches\8.14.3\fileContent)"        [_thread_blocked, id=17480, stack(0x0000005715d00000,0x0000005715e00000) (1024K)]
  0x0000024adc240d90 JavaThread "jar transforms Thread 3"           [_thread_blocked, id=30512, stack(0x0000005715e00000,0x0000005715f00000) (1024K)]
  0x0000024adc23f9e0 JavaThread "Exec process"                      [_thread_blocked, id=4908, stack(0x0000005715f00000,0x0000005716000000) (1024K)]
  0x0000024adc240700 JavaThread "Exec process Thread 2"             [_thread_blocked, id=28436, stack(0x0000005716000000,0x0000005716100000) (1024K)]
  0x0000024adc23dfa0 JavaThread "Exec process Thread 3"             [_thread_blocked, id=26688, stack(0x0000005716100000,0x0000005716200000) (1024K)]
  0x0000024adc241ab0 JavaThread "Cache worker for cache directory md-supplier (C:\Users\HP\.gradle\caches\8.14.3\md-supplier)"        [_thread_blocked, id=30980, stack(0x0000005715b00000,0x0000005715c00000) (1024K)]
  0x0000024adc23e630 JavaThread "Cache worker for cache directory md-rule (C:\Users\HP\.gradle\caches\8.14.3\md-rule)"        [_thread_blocked, id=16668, stack(0x0000005716200000,0x0000005716300000) (1024K)]
  0x0000024adc242140 JavaThread "Cache worker for Build Output Cleanup Cache (C:\Users\HP\Downloads\Ejri Bl 3ishe\Orion\node_modules\@react-native\gradle-plugin\.gradle\buildOutputCleanup)"        [_thread_blocked, id=11944, stack(0x0000005716300000,0x0000005716400000) (1024K)]
  0x0000024adc2d4160 JavaThread "Unconstrained build operations"        [_thread_blocked, id=18500, stack(0x0000005713f00000,0x0000005714000000) (1024K)]
  0x0000024adc2d3440 JavaThread "Unconstrained build operations Thread 2"        [_thread_blocked, id=31004, stack(0x0000005716400000,0x0000005716500000) (1024K)]
  0x0000024adc2d0ce0 JavaThread "Unconstrained build operations Thread 3"        [_thread_blocked, id=2756, stack(0x0000005716500000,0x0000005716600000) (1024K)]
  0x0000024adc2d2720 JavaThread "Unconstrained build operations Thread 4"        [_thread_blocked, id=2764, stack(0x0000005716600000,0x0000005716700000) (1024K)]
  0x0000024adc2d2db0 JavaThread "Unconstrained build operations Thread 5"        [_thread_blocked, id=31344, stack(0x0000005716700000,0x0000005716800000) (1024K)]
  0x0000024adc2d6230 JavaThread "Unconstrained build operations Thread 6"        [_thread_blocked, id=24480, stack(0x0000005716800000,0x0000005716900000) (1024K)]
  0x0000024adc2d68c0 JavaThread "Cache worker for Build Output Cleanup Cache (C:\Users\HP\Downloads\Ejri Bl 3ishe\Orion\node_modules\expo-modules-autolinking\android\expo-gradle-plugin\.gradle\buildOutputCleanup)"        [_thread_blocked, id=27640, stack(0x0000005716900000,0x0000005716a00000) (1024K)]
  0x0000024adc2d6f50 JavaThread "File lock release action executor"        [_thread_blocked, id=23620, stack(0x0000005716b00000,0x0000005716c00000) (1024K)]
  0x0000024adc2d4e80 JavaThread "Unconstrained build operations Thread 7"        [_thread_blocked, id=27628, stack(0x0000005716c00000,0x0000005716d00000) (1024K)]
  0x0000024adc2d75e0 JavaThread "Unconstrained build operations Thread 8"        [_thread_blocked, id=29128, stack(0x0000005716d00000,0x0000005716e00000) (1024K)]
  0x0000024adc2d7c70 JavaThread "Unconstrained build operations Thread 9"        [_thread_blocked, id=18536, stack(0x0000005716e00000,0x0000005716f00000) (1024K)]
  0x0000024adc23bed0 JavaThread "Unconstrained build operations Thread 10"        [_thread_blocked, id=31268, stack(0x0000005716f00000,0x0000005717000000) (1024K)]
  0x0000024adcb734e0 JavaThread "Unconstrained build operations Thread 11"        [_thread_blocked, id=16124, stack(0x0000005717000000,0x0000005717100000) (1024K)]
  0x0000024adcb71410 JavaThread "Unconstrained build operations Thread 12"        [_thread_blocked, id=29584, stack(0x0000005717100000,0x0000005717200000) (1024K)]
  0x0000024adcb72e50 JavaThread "Unconstrained build operations Thread 13"        [_thread_blocked, id=28116, stack(0x0000005717200000,0x0000005717300000) (1024K)]
  0x0000024adcb71aa0 JavaThread "Unconstrained build operations Thread 14"        [_thread_blocked, id=31244, stack(0x0000005717300000,0x0000005717400000) (1024K)]
  0x0000024adcb72130 JavaThread "Unconstrained build operations Thread 15"        [_thread_blocked, id=24820, stack(0x0000005717400000,0x0000005717500000) (1024K)]
  0x0000024adcb70060 JavaThread "Unconstrained build operations Thread 16"        [_thread_blocked, id=5512, stack(0x0000005717500000,0x0000005717600000) (1024K)]
  0x0000024adcb727c0 JavaThread "Unconstrained build operations Thread 17"        [_thread_blocked, id=27416, stack(0x0000005717600000,0x0000005717700000) (1024K)]
  0x0000024adcb706f0 JavaThread "Unconstrained build operations Thread 18"        [_thread_blocked, id=29164, stack(0x0000005717700000,0x0000005717800000) (1024K)]
  0x0000024adcb70d80 JavaThread "Unconstrained build operations Thread 19"        [_thread_blocked, id=12608, stack(0x0000005717800000,0x0000005717900000) (1024K)]
  0x0000024add2ab000 JavaThread "Unconstrained build operations Thread 20"        [_thread_blocked, id=29876, stack(0x0000005717900000,0x0000005717a00000) (1024K)]
  0x0000024add2addf0 JavaThread "Unconstrained build operations Thread 21"        [_thread_blocked, id=29092, stack(0x0000005717a00000,0x0000005717b00000) (1024K)]
  0x0000024add2aca40 JavaThread "Unconstrained build operations Thread 22"        [_thread_blocked, id=6384, stack(0x0000005717b00000,0x0000005717c00000) (1024K)]
  0x0000024add2ad0d0 JavaThread "Unconstrained build operations Thread 23"        [_thread_blocked, id=18508, stack(0x0000005717c00000,0x0000005717d00000) (1024K)]
  0x0000024add2ad760 JavaThread "Unconstrained build operations Thread 24"        [_thread_blocked, id=28820, stack(0x0000005717d00000,0x0000005717e00000) (1024K)]
  0x0000024add2aa970 JavaThread "Unconstrained build operations Thread 25"        [_thread_blocked, id=28412, stack(0x0000005717e00000,0x0000005717f00000) (1024K)]
  0x0000024add2ae480 JavaThread "Unconstrained build operations Thread 26"        [_thread_blocked, id=8956, stack(0x0000005717f00000,0x0000005718000000) (1024K)]
  0x0000024add2aeb10 JavaThread "Unconstrained build operations Thread 27"        [_thread_blocked, id=22488, stack(0x0000005718000000,0x0000005718100000) (1024K)]
  0x0000024add2b0be0 JavaThread "build event listener"              [_thread_blocked, id=30128, stack(0x0000005718200000,0x0000005718300000) (1024K)]
  0x0000024add2ab690 JavaThread "Memory manager"                    [_thread_blocked, id=25176, stack(0x0000005718100000,0x0000005718200000) (1024K)]
  0x0000024add2afec0 JavaThread "Unconstrained build operations Thread 28"        [_thread_blocked, id=29948, stack(0x0000005718300000,0x0000005718400000) (1024K)]
  0x0000024addcde060 JavaThread "Unconstrained build operations Thread 29"        [_thread_blocked, id=15804, stack(0x0000005718400000,0x0000005718500000) (1024K)]
  0x0000024addce0130 JavaThread "Unconstrained build operations Thread 30"        [_thread_blocked, id=29248, stack(0x0000005718500000,0x0000005718600000) (1024K)]
  0x0000024addcdfaa0 JavaThread "Unconstrained build operations Thread 31"        [_thread_blocked, id=1296, stack(0x0000005718600000,0x0000005718700000) (1024K)]
  0x0000024addcdf410 JavaThread "Unconstrained build operations Thread 32"        [_thread_blocked, id=31400, stack(0x0000005718700000,0x0000005718800000) (1024K)]
  0x0000024addce14e0 JavaThread "Unconstrained build operations Thread 33"        [_thread_blocked, id=19124, stack(0x0000005718800000,0x0000005718900000) (1024K)]
  0x0000024addce07c0 JavaThread "Unconstrained build operations Thread 34"        [_thread_blocked, id=18088, stack(0x0000005718900000,0x0000005718a00000) (1024K)]
  0x0000024addce0e50 JavaThread "build event listener"              [_thread_blocked, id=26696, stack(0x0000005718a00000,0x0000005718b00000) (1024K)]
  0x0000024addcde6f0 JavaThread "Unconstrained build operations Thread 35"        [_thread_blocked, id=28256, stack(0x0000005718b00000,0x0000005718c00000) (1024K)]
  0x0000024addcded80 JavaThread "Unconstrained build operations Thread 36"        [_thread_blocked, id=28712, stack(0x0000005718c00000,0x0000005718d00000) (1024K)]
  0x0000024addce2200 JavaThread "Unconstrained build operations Thread 37"        [_thread_blocked, id=29264, stack(0x0000005718d00000,0x0000005718e00000) (1024K)]
  0x0000024addce42d0 JavaThread "Unconstrained build operations Thread 38"        [_thread_blocked, id=31068, stack(0x0000005718e00000,0x0000005718f00000) (1024K)]
  0x0000024addce2890 JavaThread "Unconstrained build operations Thread 39"        [_thread_blocked, id=2124, stack(0x0000005718f00000,0x0000005719000000) (1024K)]
  0x0000024addce4ff0 JavaThread "Unconstrained build operations Thread 40"        [_thread_blocked, id=1608, stack(0x0000005719000000,0x0000005719100000) (1024K)]
  0x0000024addce3c40 JavaThread "Unconstrained build operations Thread 41"        [_thread_blocked, id=2484, stack(0x0000005719100000,0x0000005719200000) (1024K)]
  0x0000024addce2f20 JavaThread "Unconstrained build operations Thread 42"        [_thread_blocked, id=17508, stack(0x0000005719200000,0x0000005719300000) (1024K)]
  0x0000024addce4960 JavaThread "Unconstrained build operations Thread 43"        [_thread_blocked, id=27096, stack(0x0000005719300000,0x0000005719400000) (1024K)]
  0x0000024addce5680 JavaThread "Unconstrained build operations Thread 44"        [_thread_blocked, id=27312, stack(0x0000005719400000,0x0000005719500000) (1024K)]
  0x0000024addce35b0 JavaThread "Unconstrained build operations Thread 45"        [_thread_blocked, id=24432, stack(0x0000005719500000,0x0000005719600000) (1024K)]
  0x0000024adc240070 JavaThread "Unconstrained build operations Thread 46"        [_thread_blocked, id=30916, stack(0x0000005719600000,0x0000005719700000) (1024K)]
  0x0000024ae406fff0 JavaThread "Unconstrained build operations Thread 47"        [_thread_blocked, id=24852, stack(0x0000005719700000,0x0000005719800000) (1024K)]
  0x0000024ae4070680 JavaThread "Unconstrained build operations Thread 48"        [_thread_blocked, id=26604, stack(0x0000005719800000,0x0000005719900000) (1024K)]
  0x0000024ae4073b00 JavaThread "Unconstrained build operations Thread 49"        [_thread_blocked, id=26904, stack(0x0000005719900000,0x0000005719a00000) (1024K)]
  0x0000024ae4071a30 JavaThread "Unconstrained build operations Thread 50"        [_thread_blocked, id=11432, stack(0x0000005719a00000,0x0000005719b00000) (1024K)]
  0x0000024ae4074190 JavaThread "Unconstrained build operations Thread 51"        [_thread_blocked, id=30040, stack(0x0000005719b00000,0x0000005719c00000) (1024K)]
  0x0000024ae4070d10 JavaThread "Unconstrained build operations Thread 52"        [_thread_blocked, id=9972, stack(0x0000005719c00000,0x0000005719d00000) (1024K)]
  0x0000024ae40713a0 JavaThread "Unconstrained build operations Thread 53"        [_thread_blocked, id=4824, stack(0x0000005719d00000,0x0000005719e00000) (1024K)]
  0x0000024ae4072750 JavaThread "Unconstrained build operations Thread 54"        [_thread_blocked, id=30240, stack(0x0000005719e00000,0x0000005719f00000) (1024K)]
  0x0000024ae4072de0 JavaThread "Unconstrained build operations Thread 55"        [_thread_blocked, id=14208, stack(0x0000005719f00000,0x000000571a000000) (1024K)]
  0x0000024ae4077610 JavaThread "ForkJoinPool.commonPool-worker-1" daemon [_thread_blocked, id=21888, stack(0x000000571a000000,0x000000571a100000) (1024K)]
  0x0000024add9387f0 JavaThread "ForkJoinPool.commonPool-worker-2" daemon [_thread_blocked, id=31108, stack(0x000000571a100000,0x000000571a200000) (1024K)]
  0x0000024add93b5e0 JavaThread "ForkJoinPool.commonPool-worker-3" daemon [_thread_blocked, id=26216, stack(0x000000571a200000,0x000000571a300000) (1024K)]
  0x0000024add93af50 JavaThread "ForkJoinPool.commonPool-worker-4" daemon [_thread_blocked, id=31624, stack(0x000000571a300000,0x000000571a400000) (1024K)]
  0x0000024add93c300 JavaThread "ForkJoinPool.commonPool-worker-5" daemon [_thread_blocked, id=24428, stack(0x000000571a400000,0x000000571a500000) (1024K)]
  0x0000024add93bc70 JavaThread "ForkJoinPool.commonPool-worker-7" daemon [_thread_blocked, id=31228, stack(0x000000571a500000,0x000000571a600000) (1024K)]
  0x0000024add938e80 JavaThread "ForkJoinPool.commonPool-worker-6" daemon [_thread_blocked, id=1928, stack(0x000000571a600000,0x000000571a700000) (1024K)]
  0x0000024add93c990 JavaThread "Exec process"               daemon [_thread_blocked, id=27860, stack(0x000000571a700000,0x000000571a800000) (1024K)]
  0x0000024add939510 JavaThread "Exec process Thread 2"      daemon [_thread_blocked, id=14004, stack(0x000000571a800000,0x000000571a900000) (1024K)]
  0x0000024add93d020 JavaThread "Exec process Thread 3"      daemon [_thread_blocked, id=29188, stack(0x000000571a900000,0x000000571aa00000) (1024K)]
  0x0000024add939ba0 JavaThread "included builds"                   [_thread_blocked, id=2508, stack(0x000000571aa00000,0x000000571ab00000) (1024K)]
  0x0000024add93d6b0 JavaThread "included builds Thread 2"          [_thread_blocked, id=30640, stack(0x000000571ab00000,0x000000571ac00000) (1024K)]
  0x0000024add93a230 JavaThread "Execution worker"                  [_thread_blocked, id=19888, stack(0x000000571ac00000,0x000000571ad00000) (1024K)]
  0x0000024add93dd40 JavaThread "Execution worker Thread 2"         [_thread_blocked, id=27896, stack(0x000000571ad00000,0x000000571ae00000) (1024K)]
  0x0000024add93ea60 JavaThread "Execution worker Thread 3"         [_thread_blocked, id=28356, stack(0x000000571ae00000,0x000000571af00000) (1024K)]
  0x0000024add93e3d0 JavaThread "Execution worker Thread 4"         [_thread_blocked, id=22080, stack(0x000000571af00000,0x000000571b000000) (1024K)]
  0x0000024add93f0f0 JavaThread "Execution worker Thread 5"         [_thread_blocked, id=24892, stack(0x000000571b000000,0x000000571b100000) (1024K)]
  0x0000024add93f780 JavaThread "Execution worker Thread 6"         [_thread_blocked, id=21508, stack(0x000000571b100000,0x000000571b200000) (1024K)]
  0x0000024add93fe10 JavaThread "Execution worker Thread 7"         [_thread_blocked, id=23048, stack(0x000000571b200000,0x000000571b300000) (1024K)]
  0x0000024ade4a5330 JavaThread "Cache worker for execution history cache (C:\Users\HP\Downloads\Ejri Bl 3ishe\Orion\node_modules\expo-modules-autolinking\android\expo-gradle-plugin\.gradle\8.14.3\executionHistory)"        [_thread_blocked, id=7172, stack(0x000000571b300000,0x000000571b400000) (1024K)]
  0x0000024ade4a4610 JavaThread "Cache worker for execution history cache (C:\Users\HP\Downloads\Ejri Bl 3ishe\Orion\node_modules\@react-native\gradle-plugin\.gradle\8.14.3\executionHistory)"        [_thread_blocked, id=20380, stack(0x000000571b400000,0x000000571b500000) (1024K)]
  0x0000024ade4a4ca0 JavaThread "Unconstrained build operations Thread 56"        [_thread_blocked, id=30296, stack(0x000000571b600000,0x000000571b700000) (1024K)]
  0x0000024ade4a59c0 JavaThread "Unconstrained build operations Thread 57"        [_thread_blocked, id=31680, stack(0x000000571b700000,0x000000571b800000) (1024K)]
  0x0000024ade4a66e0 JavaThread "Unconstrained build operations Thread 58"        [_thread_blocked, id=13216, stack(0x000000571b800000,0x000000571b900000) (1024K)]
  0x0000024ade4a7a90 JavaThread "Unconstrained build operations Thread 59"        [_thread_blocked, id=24012, stack(0x000000571b900000,0x000000571ba00000) (1024K)]
  0x0000024ade4a7400 JavaThread "Unconstrained build operations Thread 60"        [_thread_blocked, id=28656, stack(0x000000571ba00000,0x000000571bb00000) (1024K)]
  0x0000024ade4a6050 JavaThread "Unconstrained build operations Thread 61"        [_thread_blocked, id=30788, stack(0x000000571bb00000,0x000000571bc00000) (1024K)]
  0x0000024ade4a6d70 JavaThread "Unconstrained build operations Thread 62"        [_thread_blocked, id=9776, stack(0x000000571bc00000,0x000000571bd00000) (1024K)]
  0x0000024aded00470 JavaThread "Unconstrained build operations Thread 63"        [_thread_blocked, id=21612, stack(0x000000571bd00000,0x000000571be00000) (1024K)]
  0x0000024aded01820 JavaThread "Unconstrained build operations Thread 64"        [_thread_blocked, id=31476, stack(0x000000571be00000,0x000000571bf00000) (1024K)]
  0x0000024adecfe3a0 JavaThread "Unconstrained build operations Thread 65"        [_thread_blocked, id=29136, stack(0x000000571bf00000,0x000000571c000000) (1024K)]
  0x0000024aded01190 JavaThread "Unconstrained build operations Thread 66"        [_thread_blocked, id=30940, stack(0x000000571c000000,0x000000571c100000) (1024K)]
  0x0000024aded01eb0 JavaThread "Unconstrained build operations Thread 67"        [_thread_blocked, id=24616, stack(0x0000005716a00000,0x0000005716b00000) (1024K)]
  0x0000024aded00b00 JavaThread "Unconstrained build operations Thread 68"        [_thread_blocked, id=31096, stack(0x000000571b500000,0x000000571b600000) (1024K)]
  0x0000024adecfea30 JavaThread "Unconstrained build operations Thread 69"        [_thread_blocked, id=30948, stack(0x000000571c100000,0x000000571c200000) (1024K)]
  0x0000024aded02540 JavaThread "Unconstrained build operations Thread 70"        [_thread_blocked, id=14524, stack(0x000000571c200000,0x000000571c300000) (1024K)]
  0x0000024adecff0c0 JavaThread "Unconstrained build operations Thread 71"        [_thread_blocked, id=1760, stack(0x000000571c300000,0x000000571c400000) (1024K)]
  0x0000024aded02bd0 JavaThread "Unconstrained build operations Thread 72"        [_thread_blocked, id=28104, stack(0x000000571c400000,0x000000571c500000) (1024K)]
  0x0000024adecff750 JavaThread "Unconstrained build operations Thread 73"        [_thread_blocked, id=30792, stack(0x000000571c500000,0x000000571c600000) (1024K)]
  0x0000024aded03260 JavaThread "Unconstrained build operations Thread 74"        [_thread_blocked, id=30136, stack(0x000000571c600000,0x000000571c700000) (1024K)]
  0x0000024adecffde0 JavaThread "Unconstrained build operations Thread 75"        [_thread_blocked, id=25416, stack(0x000000571c700000,0x000000571c800000) (1024K)]
  0x0000024aded038f0 JavaThread "Unconstrained build operations Thread 76"        [_thread_blocked, id=31648, stack(0x000000571c800000,0x000000571c900000) (1024K)]
  0x0000024aded03f80 JavaThread "Unconstrained build operations Thread 77"        [_thread_blocked, id=28964, stack(0x000000571c900000,0x000000571ca00000) (1024K)]
  0x0000024aded059c0 JavaThread "Unconstrained build operations Thread 78"        [_thread_blocked, id=17880, stack(0x000000571ca00000,0x000000571cb00000) (1024K)]
  0x0000024aded04610 JavaThread "Unconstrained build operations Thread 79"        [_thread_blocked, id=28976, stack(0x000000571cb00000,0x000000571cc00000) (1024K)]
  0x0000024aded04ca0 JavaThread "Unconstrained build operations Thread 80"        [_thread_blocked, id=30616, stack(0x000000571cc00000,0x000000571cd00000) (1024K)]
  0x0000024ae40720c0 JavaThread "WorkerExecutor Queue"              [_thread_blocked, id=30676, stack(0x000000571ce00000,0x000000571cf00000) (1024K)]
  0x0000024aded05330 JavaThread "RMI Scheduler(0)"           daemon [_thread_blocked, id=22316, stack(0x000000571cd00000,0x000000571ce00000) (1024K)]
  0x0000024ae4075540 JavaThread "RMI GC Daemon"              daemon [_thread_blocked, id=25668, stack(0x000000571d000000,0x000000571d100000) (1024K)]
  0x0000024add2af1a0 JavaThread "RMI TCP Accept-0"           daemon [_thread_in_native, id=20040, stack(0x000000571d300000,0x000000571d400000) (1024K)]
  0x0000024ade5df8f0 JavaThread "RMI Reaper"                        [_thread_blocked, id=31612, stack(0x000000571d400000,0x000000571d500000) (1024K)]
  0x0000024ade5debd0 JavaThread "RMI TCP Connection(6)-127.0.0.1" daemon [_thread_in_native, id=31392, stack(0x000000571d500000,0x000000571d600000) (1024K)]
  0x0000024ade5dd820 JavaThread "WorkerExecutor Queue Thread 2"        [_thread_blocked, id=1572, stack(0x000000571d100000,0x000000571d200000) (1024K)]
  0x0000024ade5dd190 JavaThread "RMI TCP Connection(7)-127.0.0.1" daemon [_thread_in_native, id=24500, stack(0x000000571d600000,0x000000571d700000) (1024K)]
  0x0000024ae4076f80 JavaThread "jar transforms Thread 4"           [_thread_blocked, id=25360, stack(0x000000571d200000,0x000000571d300000) (1024K)]
  0x0000024adf142410 JavaThread "Cache worker for Build Output Cleanup Cache (C:\Users\HP\Downloads\Ejri Bl 3ishe\Orion\node_modules\expo-dev-launcher\expo-dev-launcher-gradle-plugin\.gradle\buildOutputCleanup)"        [_thread_blocked, id=18572, stack(0x000000571cf00000,0x000000571d000000) (1024K)]
  0x0000024adf142aa0 JavaThread "Cache worker for Build Output Cleanup Cache (C:\Users\HP\Downloads\Ejri Bl 3ishe\Orion\node_modules\expo-modules-core\expo-module-gradle-plugin\.gradle\buildOutputCleanup)"        [_thread_blocked, id=18808, stack(0x000000571d700000,0x000000571d800000) (1024K)]
  0x0000024adf141060 JavaThread "build event listener"              [_thread_blocked, id=17032, stack(0x000000571da00000,0x000000571db00000) (1024K)]
  0x0000024adf143130 JavaThread "build event listener"              [_thread_blocked, id=11996, stack(0x000000571db00000,0x000000571dc00000) (1024K)]
  0x0000024adf1409d0 JavaThread "jar transforms Thread 5"           [_thread_blocked, id=19500, stack(0x000000571dc00000,0x000000571dd00000) (1024K)]
  0x0000024adf1437c0 JavaThread "included builds Thread 3"          [_thread_blocked, id=28016, stack(0x000000571dd00000,0x000000571de00000) (1024K)]
  0x0000024adf145200 JavaThread "Cache worker for execution history cache (C:\Users\HP\Downloads\Ejri Bl 3ishe\Orion\node_modules\expo-dev-launcher\expo-dev-launcher-gradle-plugin\.gradle\8.14.3\executionHistory)"        [_thread_blocked, id=25080, stack(0x000000571de00000,0x000000571df00000) (1024K)]
  0x0000024adf145890 JavaThread "included builds Thread 4"          [_thread_blocked, id=11532, stack(0x000000571df00000,0x000000571e000000) (1024K)]
  0x0000024adf144b70 JavaThread "Cache worker for execution history cache (C:\Users\HP\Downloads\Ejri Bl 3ishe\Orion\node_modules\expo-modules-core\expo-module-gradle-plugin\.gradle\8.14.3\executionHistory)"        [_thread_blocked, id=26732, stack(0x000000571e000000,0x000000571e100000) (1024K)]
  0x0000024adf1444e0 JavaThread "WorkerExecutor Queue Thread 3"        [_thread_blocked, id=25684, stack(0x000000571e100000,0x000000571e200000) (1024K)]
  0x0000024adf14ade0 JavaThread "RMI TCP Connection(3)-127.0.0.1" daemon [_thread_in_native, id=29528, stack(0x000000571e300000,0x000000571e400000) (1024K)]
  0x0000024adf14a750 JavaThread "WorkerExecutor Queue Thread 4"        [_thread_blocked, id=18272, stack(0x000000571d900000,0x000000571da00000) (1024K)]
  0x0000024adf14c820 JavaThread "RMI TCP Connection(4)-127.0.0.1" daemon [_thread_in_native, id=10544, stack(0x000000571e500000,0x000000571e600000) (1024K)]
  0x0000024ade5df260 JavaThread "WorkerExecutor Queue Thread 5"        [_thread_blocked, id=16284, stack(0x000000571e600000,0x000000571e700000) (1024K)]
  0x0000024ade5dff80 JavaThread "RMI TCP Connection(5)-127.0.0.1" daemon [_thread_in_native, id=12160, stack(0x000000571e800000,0x000000571e900000) (1024K)]
  0x0000024ade5e1330 JavaThread "jar transforms Thread 6"           [_thread_blocked, id=30636, stack(0x0000005712c00000,0x0000005712d00000) (1024K)]
  0x0000024ade5e0ca0 JavaThread "Problems report writer"            [_thread_blocked, id=30476, stack(0x0000005712b00000,0x0000005712c00000) (1024K)]
  0x0000024ade5e19c0 JavaThread "jar transforms Thread 7"           [_thread_blocked, id=28836, stack(0x000000571d800000,0x000000571d900000) (1024K)]
  0x0000024ade5e2050 JavaThread "jar transforms Thread 8"           [_thread_blocked, id=28568, stack(0x000000571e400000,0x000000571e500000) (1024K)]
  0x0000024ae4181670 JavaThread "C2 CompilerThread1"         daemon [_thread_in_native, id=27936, stack(0x0000005712a00000,0x0000005712b00000) (1024K)]
  0x0000024ae4181d40 JavaThread "C2 CompilerThread2"         daemon [_thread_in_native, id=24836, stack(0x000000571e200000,0x000000571e300000) (1024K)]
Total: 175

Other Threads:
  0x0000024ab91daa20 VMThread "VM Thread"                           [id=31384, stack(0x0000005713400000,0x0000005713500000) (1024K)]
  0x0000024ab693a1e0 WatcherThread "VM Periodic Task Thread"        [id=13532, stack(0x0000005713300000,0x0000005713400000) (1024K)]
  0x0000024a9f28a560 WorkerThread "GC Thread#0"                     [id=12700, stack(0x0000005712e00000,0x0000005712f00000) (1024K)]
  0x0000024ab96fcb10 WorkerThread "GC Thread#1"                     [id=16292, stack(0x0000005714000000,0x0000005714100000) (1024K)]
  0x0000024ab96fcec0 WorkerThread "GC Thread#2"                     [id=8312, stack(0x0000005714100000,0x0000005714200000) (1024K)]
  0x0000024ab95ca0b0 WorkerThread "GC Thread#3"                     [id=19476, stack(0x0000005714200000,0x0000005714300000) (1024K)]
  0x0000024ab95ca460 WorkerThread "GC Thread#4"                     [id=21528, stack(0x0000005714300000,0x0000005714400000) (1024K)]
  0x0000024ab96ab8f0 WorkerThread "GC Thread#5"                     [id=10584, stack(0x0000005714400000,0x0000005714500000) (1024K)]
  0x0000024ab96abca0 WorkerThread "GC Thread#6"                     [id=21788, stack(0x0000005714500000,0x0000005714600000) (1024K)]
  0x0000024ab96ac050 WorkerThread "GC Thread#7"                     [id=19956, stack(0x0000005714600000,0x0000005714700000) (1024K)]
  0x0000024a9f2989b0 ConcurrentGCThread "G1 Main Marker"            [id=29300, stack(0x0000005712f00000,0x0000005713000000) (1024K)]
  0x0000024a9f299b70 WorkerThread "G1 Conc#0"                       [id=18968, stack(0x0000005713000000,0x0000005713100000) (1024K)]
  0x0000024adbbd3120 WorkerThread "G1 Conc#1"                       [id=7596, stack(0x0000005715500000,0x0000005715600000) (1024K)]
  0x0000024ab680d590 ConcurrentGCThread "G1 Refine#0"               [id=21400, stack(0x0000005713100000,0x0000005713200000) (1024K)]
  0x0000024ab680eed0 ConcurrentGCThread "G1 Service"                [id=28120, stack(0x0000005713200000,0x0000005713300000) (1024K)]
Total: 15

Threads with active compile tasks:
C2 CompilerThread0  64762 15979   !   4       java.net.URLClassLoader$1::run (81 bytes)
C2 CompilerThread1  64762 16003   !   4       java.util.jar.Attributes::read (494 bytes)
C2 CompilerThread2  64762 16053       4       java.math.BigInteger::implMultiplyToLen (216 bytes)
Total: 3

VM state: not at safepoint (normal execution)

VM Mutex/Monitor currently owned by a thread: None

Heap address: 0x0000000700000000, size: 4096 MB, Compressed Oops mode: Zero based, Oop shift amount: 3

CDS archive(s) mapped at: [0x0000024aba000000-0x0000024ababa0000-0x0000024ababa0000), size 12189696, SharedBaseAddress: 0x0000024aba000000, ArchiveRelocationMode: 1.
Compressed class space mapped at: 0x0000024abb000000-0x0000024ad5000000, reserved size: 436207616
Narrow klass base: 0x0000024aba000000, Narrow klass shift: 0, Narrow klass range: 0x100000000

GC Precious Log:
 CardTable entry size: 512
 Card Set container configuration: InlinePtr #cards 4 size 8 Array Of Cards #cards 16 size 48 Howl #buckets 8 coarsen threshold 3686 Howl Bitmap #cards 512 size 80 coarsen threshold 460 Card regions per heap region 1 cards per card region 4096
 CPUs: 8 total, 8 available
 Memory: 24243M
 Large Page Support: Disabled
 NUMA Support: Disabled
 Compressed Oops: Enabled (Zero based)
 Heap Region Size: 2M
 Heap Min Capacity: 8M
 Heap Initial Capacity: 380M
 Heap Max Capacity: 4G
 Pre-touch: Disabled
 Parallel Workers: 8
 Concurrent Workers: 2
 Concurrent Refinement Workers: 8
 Periodic GC: Disabled

Heap:
 garbage-first heap   total 227328K, used 141600K [0x0000000700000000, 0x0000000800000000)
  region size 2048K, 8 young (16384K), 5 survivors (10240K)
 Metaspace       used 109084K, committed 111744K, reserved 557056K
  class space    used 14933K, committed 16192K, reserved 425984K

Heap Regions: E=young(eden), S=young(survivor), O=old, HS=humongous(starts), HC=humongous(continues), CS=collection set, F=free, TAMS=top-at-mark-start, PB=parsable bottom
|   0|0x0000000700000000, 0x0000000700200000, 0x0000000700200000|100%|HS|  |TAMS 0x0000000700000000| PB 0x0000000700000000| Complete 
|   1|0x0000000700200000, 0x0000000700400000, 0x0000000700400000|100%|HC|  |TAMS 0x0000000700200000| PB 0x0000000700200000| Complete 
|   2|0x0000000700400000, 0x0000000700600000, 0x0000000700600000|100%| O|  |TAMS 0x0000000700400000| PB 0x0000000700400000| Untracked 
|   3|0x0000000700600000, 0x0000000700800000, 0x0000000700800000|100%| O|  |TAMS 0x0000000700600000| PB 0x0000000700600000| Untracked 
|   4|0x0000000700800000, 0x0000000700a00000, 0x0000000700a00000|100%| O|  |TAMS 0x0000000700800000| PB 0x0000000700800000| Untracked 
|   5|0x0000000700a00000, 0x0000000700c00000, 0x0000000700c00000|100%| O|  |TAMS 0x0000000700a00000| PB 0x0000000700a00000| Untracked 
|   6|0x0000000700c00000, 0x0000000700e00000, 0x0000000700e00000|100%| O|  |TAMS 0x0000000700c00000| PB 0x0000000700c00000| Untracked 
|   7|0x0000000700e00000, 0x0000000701000000, 0x0000000701000000|100%| O|  |TAMS 0x0000000700e00000| PB 0x0000000700e00000| Untracked 
|   8|0x0000000701000000, 0x0000000701200000, 0x0000000701200000|100%| O|  |TAMS 0x0000000701000000| PB 0x0000000701000000| Untracked 
|   9|0x0000000701200000, 0x0000000701400000, 0x0000000701400000|100%| O|  |TAMS 0x0000000701200000| PB 0x0000000701200000| Untracked 
|  10|0x0000000701400000, 0x0000000701600000, 0x0000000701600000|100%| O|  |TAMS 0x0000000701400000| PB 0x0000000701400000| Untracked 
|  11|0x0000000701600000, 0x0000000701800000, 0x0000000701800000|100%| O|  |TAMS 0x0000000701600000| PB 0x0000000701600000| Untracked 
|  12|0x0000000701800000, 0x0000000701a00000, 0x0000000701a00000|100%| O|  |TAMS 0x0000000701800000| PB 0x0000000701800000| Untracked 
|  13|0x0000000701a00000, 0x0000000701c00000, 0x0000000701c00000|100%| O|  |TAMS 0x0000000701a00000| PB 0x0000000701a00000| Untracked 
|  14|0x0000000701c00000, 0x0000000701e00000, 0x0000000701e00000|100%| O|  |TAMS 0x0000000701c00000| PB 0x0000000701c00000| Untracked 
|  15|0x0000000701e00000, 0x0000000702000000, 0x0000000702000000|100%| O|  |TAMS 0x0000000701e00000| PB 0x0000000701e00000| Untracked 
|  16|0x0000000702000000, 0x0000000702200000, 0x0000000702200000|100%| O|  |TAMS 0x0000000702000000| PB 0x0000000702000000| Untracked 
|  17|0x0000000702200000, 0x0000000702400000, 0x0000000702400000|100%| O|  |TAMS 0x0000000702200000| PB 0x0000000702200000| Untracked 
|  18|0x0000000702400000, 0x0000000702600000, 0x0000000702600000|100%| O|  |TAMS 0x0000000702400000| PB 0x0000000702400000| Untracked 
|  19|0x0000000702600000, 0x0000000702800000, 0x0000000702800000|100%| O|  |TAMS 0x0000000702600000| PB 0x0000000702600000| Untracked 
|  20|0x0000000702800000, 0x0000000702a00000, 0x0000000702a00000|100%|HS|  |TAMS 0x0000000702800000| PB 0x0000000702800000| Complete 
|  21|0x0000000702a00000, 0x0000000702c00000, 0x0000000702c00000|100%|HC|  |TAMS 0x0000000702a00000| PB 0x0000000702a00000| Complete 
|  22|0x0000000702c00000, 0x0000000702e00000, 0x0000000702e00000|100%|HS|  |TAMS 0x0000000702c00000| PB 0x0000000702c00000| Complete 
|  23|0x0000000702e00000, 0x0000000703000000, 0x0000000703000000|100%|HC|  |TAMS 0x0000000702e00000| PB 0x0000000702e00000| Complete 
|  24|0x0000000703000000, 0x0000000703200000, 0x0000000703200000|100%| O|  |TAMS 0x0000000703000000| PB 0x0000000703000000| Untracked 
|  25|0x0000000703200000, 0x0000000703400000, 0x0000000703400000|100%| O|  |TAMS 0x0000000703200000| PB 0x0000000703200000| Untracked 
|  26|0x0000000703400000, 0x0000000703600000, 0x0000000703600000|100%| O|  |TAMS 0x0000000703400000| PB 0x0000000703400000| Untracked 
|  27|0x0000000703600000, 0x0000000703800000, 0x0000000703800000|100%| O|  |TAMS 0x0000000703600000| PB 0x0000000703600000| Untracked 
|  28|0x0000000703800000, 0x0000000703a00000, 0x0000000703a00000|100%| O|  |TAMS 0x0000000703800000| PB 0x0000000703800000| Untracked 
|  29|0x0000000703a00000, 0x0000000703c00000, 0x0000000703c00000|100%| O|  |TAMS 0x0000000703a00000| PB 0x0000000703a00000| Untracked 
|  30|0x0000000703c00000, 0x0000000703e00000, 0x0000000703e00000|100%| O|  |TAMS 0x0000000703c00000| PB 0x0000000703c00000| Untracked 
|  31|0x0000000703e00000, 0x0000000704000000, 0x0000000704000000|100%| O|  |TAMS 0x0000000703e00000| PB 0x0000000703e00000| Untracked 
|  32|0x0000000704000000, 0x0000000704200000, 0x0000000704200000|100%| O|  |TAMS 0x0000000704000000| PB 0x0000000704000000| Untracked 
|  33|0x0000000704200000, 0x0000000704400000, 0x0000000704400000|100%|HS|  |TAMS 0x0000000704200000| PB 0x0000000704200000| Complete 
|  34|0x0000000704400000, 0x0000000704600000, 0x0000000704600000|100%|HC|  |TAMS 0x0000000704400000| PB 0x0000000704400000| Complete 
|  35|0x0000000704600000, 0x0000000704800000, 0x0000000704800000|100%| O|  |TAMS 0x0000000704600000| PB 0x0000000704600000| Untracked 
|  36|0x0000000704800000, 0x0000000704a00000, 0x0000000704a00000|100%| O|  |TAMS 0x0000000704800000| PB 0x0000000704800000| Untracked 
|  37|0x0000000704a00000, 0x0000000704c00000, 0x0000000704c00000|100%| O|  |TAMS 0x0000000704a00000| PB 0x0000000704a00000| Untracked 
|  38|0x0000000704c00000, 0x0000000704e00000, 0x0000000704e00000|100%| O|Cm|TAMS 0x0000000704c00000| PB 0x0000000704c00000| Complete 
|  39|0x0000000704e00000, 0x0000000705000000, 0x0000000705000000|100%| O|  |TAMS 0x0000000704e00000| PB 0x0000000704e00000| Untracked 
|  40|0x0000000705000000, 0x0000000705200000, 0x0000000705200000|100%| O|  |TAMS 0x0000000705000000| PB 0x0000000705000000| Untracked 
|  41|0x0000000705200000, 0x0000000705400000, 0x0000000705400000|100%| O|  |TAMS 0x0000000705200000| PB 0x0000000705200000| Untracked 
|  42|0x0000000705400000, 0x0000000705600000, 0x0000000705600000|100%| O|Cm|TAMS 0x0000000705400000| PB 0x0000000705400000| Complete 
|  43|0x0000000705600000, 0x0000000705800000, 0x0000000705800000|100%| O|  |TAMS 0x0000000705600000| PB 0x0000000705600000| Untracked 
|  44|0x0000000705800000, 0x0000000705a00000, 0x0000000705a00000|100%| O|  |TAMS 0x0000000705800000| PB 0x0000000705800000| Untracked 
|  45|0x0000000705a00000, 0x0000000705c00000, 0x0000000705c00000|100%| O|  |TAMS 0x0000000705a00000| PB 0x0000000705a00000| Untracked 
|  46|0x0000000705c00000, 0x0000000705e00000, 0x0000000705e00000|100%| O|  |TAMS 0x0000000705c00000| PB 0x0000000705c00000| Untracked 
|  47|0x0000000705e00000, 0x0000000706000000, 0x0000000706000000|100%| O|  |TAMS 0x0000000705e00000| PB 0x0000000705e00000| Untracked 
|  48|0x0000000706000000, 0x0000000706200000, 0x0000000706200000|100%| O|  |TAMS 0x0000000706000000| PB 0x0000000706000000| Untracked 
|  49|0x0000000706200000, 0x0000000706400000, 0x0000000706400000|100%| O|Cm|TAMS 0x0000000706200000| PB 0x0000000706200000| Complete 
|  50|0x0000000706400000, 0x0000000706600000, 0x0000000706600000|100%| O|  |TAMS 0x0000000706400000| PB 0x0000000706400000| Untracked 
|  51|0x0000000706600000, 0x0000000706800000, 0x0000000706800000|100%| O|  |TAMS 0x0000000706600000| PB 0x0000000706600000| Untracked 
|  52|0x0000000706800000, 0x0000000706a00000, 0x0000000706a00000|100%| O|  |TAMS 0x0000000706800000| PB 0x0000000706800000| Untracked 
|  53|0x0000000706a00000, 0x0000000706c00000, 0x0000000706c00000|100%| O|  |TAMS 0x0000000706a00000| PB 0x0000000706a00000| Untracked 
|  54|0x0000000706c00000, 0x0000000706e00000, 0x0000000706e00000|100%| O|  |TAMS 0x0000000706c00000| PB 0x0000000706c00000| Untracked 
|  55|0x0000000706e00000, 0x0000000707000000, 0x0000000707000000|100%| O|  |TAMS 0x0000000706e00000| PB 0x0000000706e00000| Untracked 
|  56|0x0000000707000000, 0x0000000707200000, 0x0000000707200000|100%| O|  |TAMS 0x0000000707000000| PB 0x0000000707000000| Untracked 
|  57|0x0000000707200000, 0x0000000707400000, 0x0000000707400000|100%| O|  |TAMS 0x0000000707200000| PB 0x0000000707200000| Untracked 
|  58|0x0000000707400000, 0x0000000707600000, 0x0000000707600000|100%| O|  |TAMS 0x0000000707400000| PB 0x0000000707400000| Untracked 
|  59|0x0000000707600000, 0x0000000707800000, 0x0000000707800000|100%| O|  |TAMS 0x0000000707600000| PB 0x0000000707600000| Untracked 
|  60|0x0000000707800000, 0x0000000707800000, 0x0000000707a00000|  0%| F|  |TAMS 0x0000000707800000| PB 0x0000000707800000| Untracked 
|  61|0x0000000707a00000, 0x0000000707a00000, 0x0000000707c00000|  0%| F|  |TAMS 0x0000000707a00000| PB 0x0000000707a00000| Untracked 
|  62|0x0000000707c00000, 0x0000000707c00000, 0x0000000707e00000|  0%| F|  |TAMS 0x0000000707c00000| PB 0x0000000707c00000| Untracked 
|  63|0x0000000707e00000, 0x0000000708000000, 0x0000000708000000|100%| O|  |TAMS 0x0000000707e00000| PB 0x0000000707e00000| Untracked 
|  64|0x0000000708000000, 0x0000000708000000, 0x0000000708200000|  0%| F|  |TAMS 0x0000000708000000| PB 0x0000000708000000| Untracked 
|  65|0x0000000708200000, 0x0000000708400000, 0x0000000708400000|100%| O|  |TAMS 0x0000000708200000| PB 0x0000000708200000| Untracked 
|  66|0x0000000708400000, 0x00000007084b5cf0, 0x0000000708600000| 35%| O|  |TAMS 0x0000000708400000| PB 0x0000000708400000| Untracked 
|  67|0x0000000708600000, 0x0000000708600000, 0x0000000708800000|  0%| F|  |TAMS 0x0000000708600000| PB 0x0000000708600000| Untracked 
|  68|0x0000000708800000, 0x0000000708800000, 0x0000000708a00000|  0%| F|  |TAMS 0x0000000708800000| PB 0x0000000708800000| Untracked 
|  69|0x0000000708a00000, 0x0000000708a00000, 0x0000000708c00000|  0%| F|  |TAMS 0x0000000708a00000| PB 0x0000000708a00000| Untracked 
|  70|0x0000000708c00000, 0x0000000708d92608, 0x0000000708e00000| 78%| S|CS|TAMS 0x0000000708c00000| PB 0x0000000708c00000| Complete 
|  71|0x0000000708e00000, 0x0000000709000000, 0x0000000709000000|100%| S|CS|TAMS 0x0000000708e00000| PB 0x0000000708e00000| Complete 
|  72|0x0000000709000000, 0x0000000709200000, 0x0000000709200000|100%| S|CS|TAMS 0x0000000709000000| PB 0x0000000709000000| Complete 
|  73|0x0000000709200000, 0x0000000709400000, 0x0000000709400000|100%| S|CS|TAMS 0x0000000709200000| PB 0x0000000709200000| Complete 
|  74|0x0000000709400000, 0x0000000709600000, 0x0000000709600000|100%| S|CS|TAMS 0x0000000709400000| PB 0x0000000709400000| Complete 
|  75|0x0000000709600000, 0x0000000709600000, 0x0000000709800000|  0%| F|  |TAMS 0x0000000709600000| PB 0x0000000709600000| Untracked 
|  76|0x0000000709800000, 0x0000000709800000, 0x0000000709a00000|  0%| F|  |TAMS 0x0000000709800000| PB 0x0000000709800000| Untracked 
|  77|0x0000000709a00000, 0x0000000709a00000, 0x0000000709c00000|  0%| F|  |TAMS 0x0000000709a00000| PB 0x0000000709a00000| Untracked 
|  78|0x0000000709c00000, 0x0000000709c00000, 0x0000000709e00000|  0%| F|  |TAMS 0x0000000709c00000| PB 0x0000000709c00000| Untracked 
|  79|0x0000000709e00000, 0x0000000709e00000, 0x000000070a000000|  0%| F|  |TAMS 0x0000000709e00000| PB 0x0000000709e00000| Untracked 
|  80|0x000000070a000000, 0x000000070a000000, 0x000000070a200000|  0%| F|  |TAMS 0x000000070a000000| PB 0x000000070a000000| Untracked 
|  81|0x000000070a200000, 0x000000070a200000, 0x000000070a400000|  0%| F|  |TAMS 0x000000070a200000| PB 0x000000070a200000| Untracked 
|  82|0x000000070a400000, 0x000000070a400000, 0x000000070a600000|  0%| F|  |TAMS 0x000000070a400000| PB 0x000000070a400000| Untracked 
|  83|0x000000070a600000, 0x000000070a600000, 0x000000070a800000|  0%| F|  |TAMS 0x000000070a600000| PB 0x000000070a600000| Untracked 
|  84|0x000000070a800000, 0x000000070a800000, 0x000000070aa00000|  0%| F|  |TAMS 0x000000070a800000| PB 0x000000070a800000| Untracked 
|  85|0x000000070aa00000, 0x000000070aa00000, 0x000000070ac00000|  0%| F|  |TAMS 0x000000070aa00000| PB 0x000000070aa00000| Untracked 
|  86|0x000000070ac00000, 0x000000070ac00000, 0x000000070ae00000|  0%| F|  |TAMS 0x000000070ac00000| PB 0x000000070ac00000| Untracked 
|  87|0x000000070ae00000, 0x000000070ae00000, 0x000000070b000000|  0%| F|  |TAMS 0x000000070ae00000| PB 0x000000070ae00000| Untracked 
|  88|0x000000070b000000, 0x000000070b000000, 0x000000070b200000|  0%| F|  |TAMS 0x000000070b000000| PB 0x000000070b000000| Untracked 
|  89|0x000000070b200000, 0x000000070b200000, 0x000000070b400000|  0%| F|  |TAMS 0x000000070b200000| PB 0x000000070b200000| Untracked 
|  90|0x000000070b400000, 0x000000070b400000, 0x000000070b600000|  0%| F|  |TAMS 0x000000070b400000| PB 0x000000070b400000| Untracked 
|  91|0x000000070b600000, 0x000000070b600000, 0x000000070b800000|  0%| F|  |TAMS 0x000000070b600000| PB 0x000000070b600000| Untracked 
|  92|0x000000070b800000, 0x000000070b800000, 0x000000070ba00000|  0%| F|  |TAMS 0x000000070b800000| PB 0x000000070b800000| Untracked 
|  93|0x000000070ba00000, 0x000000070ba00000, 0x000000070bc00000|  0%| F|  |TAMS 0x000000070ba00000| PB 0x000000070ba00000| Untracked 
|  94|0x000000070bc00000, 0x000000070bc00000, 0x000000070be00000|  0%| F|  |TAMS 0x000000070bc00000| PB 0x000000070bc00000| Untracked 
|  95|0x000000070be00000, 0x000000070be00000, 0x000000070c000000|  0%| F|  |TAMS 0x000000070be00000| PB 0x000000070be00000| Untracked 
|  96|0x000000070c000000, 0x000000070c000000, 0x000000070c200000|  0%| F|  |TAMS 0x000000070c000000| PB 0x000000070c000000| Untracked 
|  97|0x000000070c200000, 0x000000070c200000, 0x000000070c400000|  0%| F|  |TAMS 0x000000070c200000| PB 0x000000070c200000| Untracked 
|  98|0x000000070c400000, 0x000000070c400000, 0x000000070c600000|  0%| F|  |TAMS 0x000000070c400000| PB 0x000000070c400000| Untracked 
|  99|0x000000070c600000, 0x000000070c600000, 0x000000070c800000|  0%| F|  |TAMS 0x000000070c600000| PB 0x000000070c600000| Untracked 
| 100|0x000000070c800000, 0x000000070c800000, 0x000000070ca00000|  0%| F|  |TAMS 0x000000070c800000| PB 0x000000070c800000| Untracked 
| 101|0x000000070ca00000, 0x000000070ca00000, 0x000000070cc00000|  0%| F|  |TAMS 0x000000070ca00000| PB 0x000000070ca00000| Untracked 
| 102|0x000000070cc00000, 0x000000070cc00000, 0x000000070ce00000|  0%| F|  |TAMS 0x000000070cc00000| PB 0x000000070cc00000| Untracked 
| 103|0x000000070ce00000, 0x000000070ce00000, 0x000000070d000000|  0%| F|  |TAMS 0x000000070ce00000| PB 0x000000070ce00000| Untracked 
| 104|0x000000070d000000, 0x000000070d000000, 0x000000070d200000|  0%| F|  |TAMS 0x000000070d000000| PB 0x000000070d000000| Untracked 
| 105|0x000000070d200000, 0x000000070d200000, 0x000000070d400000|  0%| F|  |TAMS 0x000000070d200000| PB 0x000000070d200000| Untracked 
| 106|0x000000070d400000, 0x000000070d400000, 0x000000070d600000|  0%| F|  |TAMS 0x000000070d400000| PB 0x000000070d400000| Untracked 
| 107|0x000000070d600000, 0x000000070d600000, 0x000000070d800000|  0%| F|  |TAMS 0x000000070d600000| PB 0x000000070d600000| Untracked 
| 108|0x000000070d800000, 0x000000070d9b2f08, 0x000000070da00000| 84%| E|  |TAMS 0x000000070d800000| PB 0x000000070d800000| Complete 
| 189|0x0000000717a00000, 0x0000000717c00000, 0x0000000717c00000|100%| E|CS|TAMS 0x0000000717a00000| PB 0x0000000717a00000| Complete 
|2047|0x00000007ffe00000, 0x0000000800000000, 0x0000000800000000|100%| E|CS|TAMS 0x00000007ffe00000| PB 0x00000007ffe00000| Complete 

Card table byte_map: [0x0000024ab1f40000,0x0000024ab2740000] _byte_map_base: 0x0000024aae740000

Marking Bits: (CMBitMap*) 0x0000024a9f28ab80
 Bits: [0x0000024ab2740000, 0x0000024ab6740000)

Polling page: 0x0000024a9d070000

Metaspace:

Usage:
  Non-class:     91.94 MB used.
      Class:     14.58 MB used.
       Both:    106.53 MB used.

Virtual space:
  Non-class space:      128.00 MB reserved,      93.31 MB ( 73%) committed,  2 nodes.
      Class space:      416.00 MB reserved,      15.81 MB (  4%) committed,  1 nodes.
             Both:      544.00 MB reserved,     109.12 MB ( 20%) committed. 

Chunk freelists:
   Non-Class:  2.42 MB
       Class:  32.00 KB
        Both:  2.45 MB

MaxMetaspaceSize: 512.00 MB
CompressedClassSpaceSize: 416.00 MB
Initial GC threshold: 21.00 MB
Current GC threshold: 173.69 MB
CDS: on
 - commit_granule_bytes: 65536.
 - commit_granule_words: 8192.
 - virtual_space_node_default_size: 8388608.
 - enlarge_chunks_in_place: 1.
 - use_allocation_guard: 0.


Internal statistics:

num_allocs_failed_limit: 9.
num_arena_births: 4552.
num_arena_deaths: 74.
num_vsnodes_births: 3.
num_vsnodes_deaths: 0.
num_space_committed: 1746.
num_space_uncommitted: 0.
num_chunks_returned_to_freelist: 119.
num_chunks_taken_from_freelist: 9902.
num_chunk_merges: 31.
num_chunk_splits: 6369.
num_chunks_enlarged: 3906.
num_inconsistent_stats: 0.

CodeHeap 'non-profiled nmethods': size=120000Kb used=8030Kb max_used=8199Kb free=111969Kb
 bounds [0x0000024aa9ee0000, 0x0000024aaa710000, 0x0000024ab1410000]
CodeHeap 'profiled nmethods': size=120000Kb used=25142Kb max_used=26419Kb free=94857Kb
 bounds [0x0000024aa2410000, 0x0000024aa3df0000, 0x0000024aa9940000]
CodeHeap 'non-nmethods': size=5760Kb used=3007Kb max_used=3059Kb free=2752Kb
 bounds [0x0000024aa9940000, 0x0000024aa9c50000, 0x0000024aa9ee0000]
CodeCache: size=245760Kb, used=36179Kb, max_used=37677Kb, free=209578Kb
 total_blobs=14143, nmethods=13129, adapters=917, full_count=0
Compilation: enabled, stopped_count=0, restarted_count=0

Compilation events (20 events):
Event: 63.640 Thread 0x0000024ab920e4e0 16016       3       java.math.BigInteger::addOne (77 bytes)
Event: 63.640 Thread 0x0000024ab920e4e0 nmethod 16016 0x0000024aa2d6b190 code [0x0000024aa2d6b360, 0x0000024aa2d6b6a0]
Event: 63.645 Thread 0x0000024ab920e4e0 16018       3       sun.security.util.DerValue::isPrintableStringChar (184 bytes)
Event: 63.645 Thread 0x0000024ab920e4e0 nmethod 16018 0x0000024aa2546b10 code [0x0000024aa2546cc0, 0x0000024aa25471b8]
Event: 63.645 Thread 0x0000024ab920e4e0 16019       3       java.lang.AbstractStringBuilder::charAt (36 bytes)
Event: 63.645 Thread 0x0000024ab920e4e0 nmethod 16019 0x0000024aa31afa90 code [0x0000024aa31afc60, 0x0000024aa31aff88]
Event: 63.645 Thread 0x0000024ab920e4e0 16020       3       java.security.Provider::getService (144 bytes)
Event: 63.646 Thread 0x0000024ab920e4e0 nmethod 16020 0x0000024aa24eff90 code [0x0000024aa24f0200, 0x0000024aa24f0e88]
Event: 63.649 Thread 0x0000024ab920e4e0 16021       3       java.math.BigInteger::bitLengthForInt (8 bytes)
Event: 63.649 Thread 0x0000024ab920e4e0 nmethod 16021 0x0000024aa249b010 code [0x0000024aa249b1c0, 0x0000024aa249b2e0]
Event: 63.649 Thread 0x0000024ab920e4e0 16022       3       java.math.MutableBigInteger::compare (106 bytes)
Event: 63.649 Thread 0x0000024ab920e4e0 nmethod 16022 0x0000024aa25c9890 code [0x0000024aa25c9a60, 0x0000024aa25c9e18]
Event: 63.649 Thread 0x0000024ab920e4e0 16023       3       java.math.MutableBigInteger::unsignedLongCompare (20 bytes)
Event: 63.650 Thread 0x0000024ab920e4e0 nmethod 16023 0x0000024aa249d110 code [0x0000024aa249d2a0, 0x0000024aa249d410]
Event: 63.654 Thread 0x0000024ab920e4e0 16024 %     3       java.math.BigInteger::implMultiplyToLen @ 135 (216 bytes)
Event: 63.655 Thread 0x0000024ab920e4e0 nmethod 16024% 0x0000024aa2595810 code [0x0000024aa2595a20, 0x0000024aa2596108]
Event: 63.655 Thread 0x0000024ab920e4e0 16025       3       java.math.BigInteger::implMultiplyToLen (216 bytes)
Event: 63.655 Thread 0x0000024ab920e4e0 nmethod 16025 0x0000024aa268d790 code [0x0000024aa268d980, 0x0000024aa268df28]
Event: 63.661 Thread 0x0000024ab920e4e0 16030       3       java.math.BigInteger::montReduce (99 bytes)
Event: 63.662 Thread 0x0000024ab920e4e0 nmethod 16030 0x0000024aa2e41e90 code [0x0000024aa2e420a0, 0x0000024aa2e42550]

GC Heap History (20 events):
Event: 25.692 GC heap before
{Heap before GC invocations=21 (full 0):
 garbage-first heap   total 178176K, used 156099K [0x0000000700000000, 0x0000000800000000)
  region size 2048K, 44 young (90112K), 6 survivors (12288K)
 Metaspace       used 84465K, committed 86784K, reserved 557056K
  class space    used 12322K, committed 13440K, reserved 425984K
}
Event: 25.707 GC heap after
{Heap after GC invocations=22 (full 0):
 garbage-first heap   total 178176K, used 86791K [0x0000000700000000, 0x0000000800000000)
  region size 2048K, 5 young (10240K), 5 survivors (10240K)
 Metaspace       used 84465K, committed 86784K, reserved 557056K
  class space    used 12322K, committed 13440K, reserved 425984K
}
Event: 27.538 GC heap before
{Heap before GC invocations=22 (full 0):
 garbage-first heap   total 178176K, used 160519K [0x0000000700000000, 0x0000000800000000)
  region size 2048K, 40 young (81920K), 5 survivors (10240K)
 Metaspace       used 92379K, committed 94784K, reserved 557056K
  class space    used 13157K, committed 14336K, reserved 425984K
}
Event: 27.562 GC heap after
{Heap after GC invocations=23 (full 0):
 garbage-first heap   total 182272K, used 95586K [0x0000000700000000, 0x0000000800000000)
  region size 2048K, 4 young (8192K), 4 survivors (8192K)
 Metaspace       used 92379K, committed 94784K, reserved 557056K
  class space    used 13157K, committed 14336K, reserved 425984K
}
Event: 51.597 GC heap before
{Heap before GC invocations=23 (full 0):
 garbage-first heap   total 182272K, used 159074K [0x0000000700000000, 0x0000000800000000)
  region size 2048K, 36 young (73728K), 4 survivors (8192K)
 Metaspace       used 98623K, committed 101056K, reserved 557056K
  class space    used 13771K, committed 14976K, reserved 425984K
}
Event: 51.605 GC heap after
{Heap after GC invocations=24 (full 0):
 garbage-first heap   total 182272K, used 100140K [0x0000000700000000, 0x0000000800000000)
  region size 2048K, 3 young (6144K), 3 survivors (6144K)
 Metaspace       used 98623K, committed 101056K, reserved 557056K
  class space    used 13771K, committed 14976K, reserved 425984K
}
Event: 53.434 GC heap before
{Heap before GC invocations=25 (full 0):
 garbage-first heap   total 182272K, used 163628K [0x0000000700000000, 0x0000000800000000)
  region size 2048K, 34 young (69632K), 3 survivors (6144K)
 Metaspace       used 100331K, committed 102784K, reserved 557056K
  class space    used 13984K, committed 15168K, reserved 425984K
}
Event: 53.442 GC heap after
{Heap after GC invocations=26 (full 0):
 garbage-first heap   total 182272K, used 104864K [0x0000000700000000, 0x0000000800000000)
  region size 2048K, 5 young (10240K), 5 survivors (10240K)
 Metaspace       used 100331K, committed 102784K, reserved 557056K
  class space    used 13984K, committed 15168K, reserved 425984K
}
Event: 54.056 GC heap before
{Heap before GC invocations=26 (full 0):
 garbage-first heap   total 182272K, used 162208K [0x0000000700000000, 0x0000000800000000)
  region size 2048K, 33 young (67584K), 5 survivors (10240K)
 Metaspace       used 100643K, committed 103104K, reserved 557056K
  class space    used 14011K, committed 15168K, reserved 425984K
}
Event: 54.068 GC heap after
{Heap after GC invocations=27 (full 0):
 garbage-first heap   total 182272K, used 105001K [0x0000000700000000, 0x0000000800000000)
  region size 2048K, 3 young (6144K), 3 survivors (6144K)
 Metaspace       used 100643K, committed 103104K, reserved 557056K
  class space    used 14011K, committed 15168K, reserved 425984K
}
Event: 55.246 GC heap before
{Heap before GC invocations=27 (full 0):
 garbage-first heap   total 182272K, used 160297K [0x0000000700000000, 0x0000000800000000)
  region size 2048K, 31 young (63488K), 3 survivors (6144K)
 Metaspace       used 101561K, committed 104064K, reserved 557056K
  class space    used 14088K, committed 15296K, reserved 425984K
}
Event: 55.258 GC heap after
{Heap after GC invocations=28 (full 0):
 garbage-first heap   total 182272K, used 111832K [0x0000000700000000, 0x0000000800000000)
  region size 2048K, 4 young (8192K), 4 survivors (8192K)
 Metaspace       used 101561K, committed 104064K, reserved 557056K
  class space    used 14088K, committed 15296K, reserved 425984K
}
Event: 61.257 GC heap before
{Heap before GC invocations=29 (full 0):
 garbage-first heap   total 188416K, used 160984K [0x0000000700000000, 0x0000000800000000)
  region size 2048K, 29 young (59392K), 4 survivors (8192K)
 Metaspace       used 101756K, committed 104256K, reserved 557056K
  class space    used 14092K, committed 15296K, reserved 425984K
}
Event: 61.267 GC heap after
{Heap after GC invocations=30 (full 0):
 garbage-first heap   total 188416K, used 114515K [0x0000000700000000, 0x0000000800000000)
  region size 2048K, 3 young (6144K), 3 survivors (6144K)
 Metaspace       used 101756K, committed 104256K, reserved 557056K
  class space    used 14092K, committed 15296K, reserved 425984K
}
Event: 61.467 GC heap before
{Heap before GC invocations=30 (full 0):
 garbage-first heap   total 188416K, used 165715K [0x0000000700000000, 0x0000000800000000)
  region size 2048K, 29 young (59392K), 3 survivors (6144K)
 Metaspace       used 101780K, committed 104256K, reserved 557056K
  class space    used 14092K, committed 15296K, reserved 425984K
}
Event: 61.474 GC heap after
{Heap after GC invocations=31 (full 0):
 garbage-first heap   total 188416K, used 114081K [0x0000000700000000, 0x0000000800000000)
  region size 2048K, 3 young (6144K), 3 survivors (6144K)
 Metaspace       used 101780K, committed 104256K, reserved 557056K
  class space    used 14092K, committed 15296K, reserved 425984K
}
Event: 61.678 GC heap before
{Heap before GC invocations=31 (full 0):
 garbage-first heap   total 188416K, used 169377K [0x0000000700000000, 0x0000000800000000)
  region size 2048K, 31 young (63488K), 3 survivors (6144K)
 Metaspace       used 101780K, committed 104256K, reserved 557056K
  class space    used 14092K, committed 15296K, reserved 425984K
}
Event: 61.683 GC heap after
{Heap after GC invocations=32 (full 0):
 garbage-first heap   total 188416K, used 115528K [0x0000000700000000, 0x0000000800000000)
  region size 2048K, 3 young (6144K), 3 survivors (6144K)
 Metaspace       used 101780K, committed 104256K, reserved 557056K
  class space    used 14092K, committed 15296K, reserved 425984K
}
Event: 62.522 GC heap before
{Heap before GC invocations=32 (full 0):
 garbage-first heap   total 188416K, used 168776K [0x0000000700000000, 0x0000000800000000)
  region size 2048K, 30 young (61440K), 3 survivors (6144K)
 Metaspace       used 103746K, committed 106368K, reserved 557056K
  class space    used 14300K, committed 15552K, reserved 425984K
}
Event: 62.528 GC heap after
{Heap after GC invocations=33 (full 0):
 garbage-first heap   total 227328K, used 126597K [0x0000000700000000, 0x0000000800000000)
  region size 2048K, 4 young (8192K), 4 survivors (8192K)
 Metaspace       used 103746K, committed 106368K, reserved 557056K
  class space    used 14300K, committed 15552K, reserved 425984K
}

Dll operation events (15 events):
Event: 0.016 Loaded shared library C:\Users\HP\.vscode\extensions\redhat.java-1.54.0-win32-x64\jre\21.0.10-win32-x86_64\bin\java.dll
Event: 0.094 Loaded shared library C:\Users\HP\.vscode\extensions\redhat.java-1.54.0-win32-x64\jre\21.0.10-win32-x86_64\bin\zip.dll
Event: 0.118 Loaded shared library C:\Users\HP\.vscode\extensions\redhat.java-1.54.0-win32-x64\jre\21.0.10-win32-x86_64\bin\instrument.dll
Event: 0.123 Loaded shared library C:\Users\HP\.vscode\extensions\redhat.java-1.54.0-win32-x64\jre\21.0.10-win32-x86_64\bin\net.dll
Event: 0.126 Loaded shared library C:\Users\HP\.vscode\extensions\redhat.java-1.54.0-win32-x64\jre\21.0.10-win32-x86_64\bin\nio.dll
Event: 0.130 Loaded shared library C:\Users\HP\.vscode\extensions\redhat.java-1.54.0-win32-x64\jre\21.0.10-win32-x86_64\bin\zip.dll
Event: 0.518 Loaded shared library C:\Users\HP\.vscode\extensions\redhat.java-1.54.0-win32-x64\jre\21.0.10-win32-x86_64\bin\jimage.dll
Event: 0.697 Loaded shared library C:\Users\HP\.vscode\extensions\redhat.java-1.54.0-win32-x64\jre\21.0.10-win32-x86_64\bin\verify.dll
Event: 0.836 Loaded shared library C:\Users\HP\.gradle\native\1def1411415f61bf3af743bc5b6707747c0891f09f0c88961ee8f79bc544acac\windows-amd64\native-platform.dll
Event: 0.847 Loaded shared library C:\Users\HP\.gradle\native\0.2.7\x86_64-windows-gnu\gradle-fileevents.dll
Event: 2.122 Loaded shared library C:\Users\HP\.vscode\extensions\redhat.java-1.54.0-win32-x64\jre\21.0.10-win32-x86_64\bin\management.dll
Event: 2.126 Loaded shared library C:\Users\HP\.vscode\extensions\redhat.java-1.54.0-win32-x64\jre\21.0.10-win32-x86_64\bin\management_ext.dll
Event: 2.288 Loaded shared library C:\Users\HP\.vscode\extensions\redhat.java-1.54.0-win32-x64\jre\21.0.10-win32-x86_64\bin\extnet.dll
Event: 2.542 Loaded shared library C:\Users\HP\.vscode\extensions\redhat.java-1.54.0-win32-x64\jre\21.0.10-win32-x86_64\bin\sunmscapi.dll
Event: 29.491 Loaded shared library C:\Users\HP\.vscode\extensions\redhat.java-1.54.0-win32-x64\jre\21.0.10-win32-x86_64\bin\rmi.dll

Deoptimization events (20 events):
Event: 63.597 Thread 0x0000024ada222140 DEOPT PACKING pc=0x0000024aaa136b08 sp=0x0000005714dee310
Event: 63.597 Thread 0x0000024ada222140 DEOPT UNPACKING pc=0x0000024aa9997ba2 sp=0x0000005714dee238 mode 2
Event: 63.599 Thread 0x0000024ada222140 Uncommon trap: trap_request=0xffffff45 fr.pc=0x0000024aaa0051d0 relative=0x0000000000000210
Event: 63.599 Thread 0x0000024ada222140 Uncommon trap: reason=unstable_if action=reinterpret pc=0x0000024aaa0051d0 method=java.util.jar.Attributes$Name.hash(Ljava/lang/String;)I @ 96 c2
Event: 63.599 Thread 0x0000024ada222140 DEOPT PACKING pc=0x0000024aaa0051d0 sp=0x0000005714def690
Event: 63.599 Thread 0x0000024ada222140 DEOPT UNPACKING pc=0x0000024aa9997ba2 sp=0x0000005714def608 mode 2
Event: 63.599 Thread 0x0000024ada222140 DEOPT PACKING pc=0x0000024aa2459c2d sp=0x0000005714def6d0
Event: 63.599 Thread 0x0000024ada222140 DEOPT UNPACKING pc=0x0000024aa99986e2 sp=0x0000005714deec90 mode 0
Event: 63.611 Thread 0x0000024ada222140 Uncommon trap: trap_request=0xffffff45 fr.pc=0x0000024aaa607960 relative=0x0000000000000680
Event: 63.611 Thread 0x0000024ada222140 Uncommon trap: reason=unstable_if action=reinterpret pc=0x0000024aaa607960 method=java.math.BigInteger.stripLeadingZeroBytes(I[BII)[I @ 50 c2
Event: 63.611 Thread 0x0000024ada222140 DEOPT PACKING pc=0x0000024aaa607960 sp=0x0000005714deec00
Event: 63.611 Thread 0x0000024ada222140 DEOPT UNPACKING pc=0x0000024aa9997ba2 sp=0x0000005714deeba0 mode 2
Event: 63.612 Thread 0x0000024ada222140 Uncommon trap: trap_request=0xffffffde fr.pc=0x0000024aaa4be954 relative=0x0000000000000914
Event: 63.612 Thread 0x0000024ada222140 Uncommon trap: reason=class_check action=maybe_recompile pc=0x0000024aaa4be954 method=java.util.Hashtable.addEntry(ILjava/lang/Object;Ljava/lang/Object;I)V @ 28 c2
Event: 63.612 Thread 0x0000024ada222140 DEOPT PACKING pc=0x0000024aaa4be954 sp=0x0000005714def230
Event: 63.612 Thread 0x0000024ada222140 DEOPT UNPACKING pc=0x0000024aa9997ba2 sp=0x0000005714def168 mode 2
Event: 63.630 Thread 0x0000024ada222140 Uncommon trap: trap_request=0xffffff45 fr.pc=0x0000024aa9f05c60 relative=0x00000000000003a0
Event: 63.630 Thread 0x0000024ada222140 Uncommon trap: reason=unstable_if action=reinterpret pc=0x0000024aa9f05c60 method=java.lang.StringUTF16.compress([CII)[B @ 17 c2
Event: 63.630 Thread 0x0000024ada222140 DEOPT PACKING pc=0x0000024aa9f05c60 sp=0x0000005714ded670
Event: 63.630 Thread 0x0000024ada222140 DEOPT UNPACKING pc=0x0000024aa9997ba2 sp=0x0000005714ded538 mode 2

Classes loaded (20 events):
Event: 63.648 Loading class java/security/spec/DSAParameterSpec done
Event: 63.648 Loading class java/math/SignedMutableBigInteger
Event: 63.648 Loading class java/math/SignedMutableBigInteger done
Event: 63.699 Loading class sun/security/util/JarConstraintsParameters
Event: 63.700 Loading class sun/security/util/ConstraintsParameters
Event: 63.700 Loading class sun/security/util/ConstraintsParameters done
Event: 63.700 Loading class sun/security/util/JarConstraintsParameters done
Event: 63.701 Loading class java/security/interfaces/ECKey
Event: 63.701 Loading class java/security/interfaces/ECKey done
Event: 63.701 Loading class java/security/interfaces/XECKey
Event: 63.702 Loading class java/security/interfaces/XECKey done
Event: 63.702 Loading class sun/security/util/KeyUtil
Event: 63.702 Loading class sun/security/util/KeyUtil done
Event: 63.703 Loading class sun/security/util/Length
Event: 63.703 Loading class sun/security/util/Length done
Event: 63.703 Loading class javax/crypto/SecretKey
Event: 63.703 Loading class javax/crypto/SecretKey done
Event: 63.704 Loading class java/util/Base64
Event: 63.704 Loading class java/util/Base64 done
Event: 63.704 Loading class java/util/Base64$Decoder

Classes unloaded (20 events):
Event: 51.714 Thread 0x0000024ab91daa20 Unloading class 0x0000024abbcdb000 'java/lang/invoke/LambdaForm$MH+0x0000024abbcdb000'
Event: 51.714 Thread 0x0000024ab91daa20 Unloading class 0x0000024abbcda800 'java/lang/invoke/LambdaForm$MH+0x0000024abbcda800'
Event: 51.714 Thread 0x0000024ab91daa20 Unloading class 0x0000024abbcda400 'java/lang/invoke/LambdaForm$MH+0x0000024abbcda400'
Event: 51.714 Thread 0x0000024ab91daa20 Unloading class 0x0000024abbcd9c00 'java/lang/invoke/LambdaForm$MH+0x0000024abbcd9c00'
Event: 51.714 Thread 0x0000024ab91daa20 Unloading class 0x0000024abbcd9800 'java/lang/invoke/LambdaForm$MH+0x0000024abbcd9800'
Event: 51.714 Thread 0x0000024ab91daa20 Unloading class 0x0000024abbcd8c00 'java/lang/invoke/LambdaForm$MH+0x0000024abbcd8c00'
Event: 51.714 Thread 0x0000024ab91daa20 Unloading class 0x0000024abbcd9000 'java/lang/invoke/LambdaForm$MH+0x0000024abbcd9000'
Event: 51.714 Thread 0x0000024ab91daa20 Unloading class 0x0000024abbcd8400 'java/lang/invoke/LambdaForm$MH+0x0000024abbcd8400'
Event: 51.714 Thread 0x0000024ab91daa20 Unloading class 0x0000024abbcd8000 'java/lang/invoke/LambdaForm$MH+0x0000024abbcd8000'
Event: 51.714 Thread 0x0000024ab91daa20 Unloading class 0x0000024abbcd7400 'java/lang/invoke/LambdaForm$MH+0x0000024abbcd7400'
Event: 51.714 Thread 0x0000024ab91daa20 Unloading class 0x0000024abbcd6c00 'java/lang/invoke/LambdaForm$MH+0x0000024abbcd6c00'
Event: 51.714 Thread 0x0000024ab91daa20 Unloading class 0x0000024abbcd6800 'java/lang/invoke/LambdaForm$MH+0x0000024abbcd6800'
Event: 51.714 Thread 0x0000024ab91daa20 Unloading class 0x0000024abbcd6000 'java/lang/invoke/LambdaForm$MH+0x0000024abbcd6000'
Event: 51.714 Thread 0x0000024ab91daa20 Unloading class 0x0000024abbcd5400 'java/lang/invoke/LambdaForm$MH+0x0000024abbcd5400'
Event: 51.714 Thread 0x0000024ab91daa20 Unloading class 0x0000024abbcd5000 'java/lang/invoke/LambdaForm$MH+0x0000024abbcd5000'
Event: 51.714 Thread 0x0000024ab91daa20 Unloading class 0x0000024abbcd4c00 'java/lang/invoke/LambdaForm$DMH+0x0000024abbcd4c00'
Event: 51.714 Thread 0x0000024ab91daa20 Unloading class 0x0000024abbcd4000 'java/lang/invoke/LambdaForm$DMH+0x0000024abbcd4000'
Event: 51.714 Thread 0x0000024ab91daa20 Unloading class 0x0000024abbcd4400 'java/lang/invoke/LambdaForm$DMH+0x0000024abbcd4400'
Event: 51.714 Thread 0x0000024ab91daa20 Unloading class 0x0000024abbcc4c00 'java/lang/invoke/LambdaForm$MH+0x0000024abbcc4c00'
Event: 51.714 Thread 0x0000024ab91daa20 Unloading class 0x0000024abbcc4400 'java/lang/invoke/LambdaForm$DMH+0x0000024abbcc4400'

Classes redefined (0 events):
No events

Internal exceptions (20 events):
Event: 61.055 Thread 0x0000024adf1437c0 Exception <a 'sun/nio/fs/WindowsException'{0x000000070a8590a8}> (0x000000070a8590a8) 
thrown [s\src\hotspot\share\prims\jni.cpp, line 520]
Event: 61.793 Thread 0x0000024ada222140 Exception <a 'java/lang/ClassNotFoundException'{0x000000070a9c0270}: build_482q0zfelrldft0qkeocvpe76BeanInfo> (0x000000070a9c0270) 
thrown [s\src\hotspot\share\classfile\systemDictionary.cpp, line 312]
Event: 61.793 Thread 0x0000024ada222140 Exception <a 'java/lang/ClassNotFoundException'{0x000000070a9c6fc8}: build_482q0zfelrldft0qkeocvpe76Customizer> (0x000000070a9c6fc8) 
thrown [s\src\hotspot\share\classfile\systemDictionary.cpp, line 312]
Event: 61.804 Thread 0x0000024ada222140 Exception <a 'java/lang/NoSuchMethodError'{0x000000070a603200}: 'java.lang.Object java.lang.invoke.DirectMethodHandle$Holder.newInvokeSpecial(java.lang.Object, java.lang.Object, java.lang.Object, java.lang.Object, java.lang.Object, java.lang.Object, java.lang.Object, java.lang.Object, java.lang.Object, java.lang.Object, java.lang.Object, java.lang.Object, java.lang.Object, java.lang.Object, java.lang.Object, java.lang.Object, java.lang.Object, java.lang.Object)'> (0x000000070a603200) 
thrown [s\src\hotspot
Event: 61.805 Thread 0x0000024ada222140 Exception <a 'java/lang/NoSuchMethodError'{0x000000070a60a268}: 'java.lang.Object java.lang.invoke.DirectMethodHandle$Holder.invokeSpecial(java.lang.Object, java.lang.Object, java.lang.Object, java.lang.Object, java.lang.Object, java.lang.Object, java.lang.Object, java.lang.Object, java.lang.Object, java.lang.Object, java.lang.Object, java.lang.Object, java.lang.Object, java.lang.Object, java.lang.Object, java.lang.Object, java.lang.Object, java.lang.Object, java.lang.Object)'> (0x000000070a60a268) 
thrown
Event: 61.805 Thread 0x0000024ada222140 Exception <a 'java/lang/NoSuchMethodError'{0x000000070a610130}: 'java.lang.Object java.lang.invoke.DelegatingMethodHandle$Holder.reinvoke_L(java.lang.Object, java.lang.Object, java.lang.Object, java.lang.Object, java.lang.Object, java.lang.Object, java.lang.Object, java.lang.Object, java.lang.Object, java.lang.Object, java.lang.Object, java.lang.Object, java.lang.Object, java.lang.Object, java.lang.Object, java.lang.Object, java.lang.Object, java.lang.Object)'> (0x000000070a610130) 
thrown [s\src\hotspot\s
Event: 62.043 Thread 0x0000024ada222140 Exception <a 'java/lang/ClassNotFoundException'{0x0000000709a237e8}: org/gradle/api/internal/artifacts/repositories/DefaultMavenArtifactRepository_DecoratedBeanInfo> (0x0000000709a237e8) 
thrown [s\src\hotspot\share\classfile\systemDictionary.cpp, line 312]
Event: 62.044 Thread 0x0000024ada222140 Exception <a 'java/lang/ClassNotFoundException'{0x0000000709a445d0}: org/gradle/api/internal/artifacts/repositories/DefaultMavenArtifactRepositoryBeanInfo> (0x0000000709a445d0) 
thrown [s\src\hotspot\share\classfile\systemDictionary.cpp, line 312]
Event: 62.046 Thread 0x0000024ada222140 Exception <a 'java/lang/ClassNotFoundException'{0x0000000709a66078}: org/gradle/api/internal/artifacts/repositories/AbstractAuthenticationSupportedRepositoryBeanInfo> (0x0000000709a66078) 
thrown [s\src\hotspot\share\classfile\systemDictionary.cpp, line 312]
Event: 62.046 Thread 0x0000024ada222140 Exception <a 'java/lang/ClassNotFoundException'{0x0000000709a87ad8}: org/gradle/api/internal/artifacts/repositories/AbstractResolutionAwareArtifactRepositoryBeanInfo> (0x0000000709a87ad8) 
thrown [s\src\hotspot\share\classfile\systemDictionary.cpp, line 312]
Event: 62.047 Thread 0x0000024ada222140 Exception <a 'java/lang/ClassNotFoundException'{0x0000000709aa8b28}: org/gradle/api/internal/artifacts/repositories/AbstractArtifactRepositoryBeanInfo> (0x0000000709aa8b28) 
thrown [s\src\hotspot\share\classfile\systemDictionary.cpp, line 312]
Event: 62.048 Thread 0x0000024ada222140 Exception <a 'java/lang/ClassNotFoundException'{0x0000000709ac9f88}: org/gradle/api/internal/artifacts/repositories/AbstractArtifactRepositoryCustomizer> (0x0000000709ac9f88) 
thrown [s\src\hotspot\share\classfile\systemDictionary.cpp, line 312]
Event: 62.051 Thread 0x0000024ada222140 Exception <a 'java/lang/ClassNotFoundException'{0x0000000709b0d908}: org/gradle/api/internal/artifacts/repositories/AbstractResolutionAwareArtifactRepositoryCustomizer> (0x0000000709b0d908) 
thrown [s\src\hotspot\share\classfile\systemDictionary.cpp, line 312]
Event: 62.053 Thread 0x0000024ada222140 Exception <a 'java/lang/ClassNotFoundException'{0x0000000709b3a800}: org/gradle/api/internal/artifacts/repositories/AbstractAuthenticationSupportedRepositoryCustomizer> (0x0000000709b3a800) 
thrown [s\src\hotspot\share\classfile\systemDictionary.cpp, line 312]
Event: 62.056 Thread 0x0000024ada222140 Exception <a 'java/lang/ClassNotFoundException'{0x0000000709b71028}: org/gradle/api/internal/artifacts/repositories/DefaultMavenArtifactRepositoryCustomizer> (0x0000000709b71028) 
thrown [s\src\hotspot\share\classfile\systemDictionary.cpp, line 312]
Event: 62.058 Thread 0x0000024ada222140 Exception <a 'java/lang/ClassNotFoundException'{0x0000000709bac9f0}: org/gradle/api/internal/artifacts/repositories/DefaultMavenArtifactRepository_DecoratedCustomizer> (0x0000000709bac9f0) 
thrown [s\src\hotspot\share\classfile\systemDictionary.cpp, line 312]
Event: 62.255 Thread 0x0000024ada222140 Exception <a 'java/lang/ClassNotFoundException'{0x0000000709067d50}: org/gradle/api/internal/plugins/DefaultObjectConfigurationActionBeanInfo> (0x0000000709067d50) 
thrown [s\src\hotspot\share\classfile\systemDictionary.cpp, line 312]
Event: 62.256 Thread 0x0000024ada222140 Exception <a 'java/lang/ClassNotFoundException'{0x000000070907d4a0}: org/gradle/api/internal/plugins/DefaultObjectConfigurationActionCustomizer> (0x000000070907d4a0) 
thrown [s\src\hotspot\share\classfile\systemDictionary.cpp, line 312]
Event: 62.321 Thread 0x0000024ada222140 Exception <a 'java/lang/ClassNotFoundException'{0x0000000708f47fb0}: build_5zfkhpu3a74t31itf98odquz5BeanInfo> (0x0000000708f47fb0) 
thrown [s\src\hotspot\share\classfile\systemDictionary.cpp, line 312]
Event: 62.321 Thread 0x0000024ada222140 Exception <a 'java/lang/ClassNotFoundException'{0x0000000708f57068}: build_5zfkhpu3a74t31itf98odquz5Customizer> (0x0000000708f57068) 
thrown [s\src\hotspot\share\classfile\systemDictionary.cpp, line 312]

ZGC Phase Switch (0 events):
No events

VM Operations (20 events):
Event: 61.155 Executing safepoint VM operation: Cleanup done
Event: 61.256 Executing safepoint VM operation: G1CollectForAllocation (G1 Evacuation Pause)
Event: 61.267 Executing safepoint VM operation: G1CollectForAllocation (G1 Evacuation Pause) done
Event: 61.467 Executing safepoint VM operation: G1CollectForAllocation (G1 Evacuation Pause)
Event: 61.474 Executing safepoint VM operation: G1CollectForAllocation (G1 Evacuation Pause) done
Event: 61.678 Executing safepoint VM operation: G1CollectForAllocation (G1 Evacuation Pause)
Event: 61.684 Executing safepoint VM operation: G1CollectForAllocation (G1 Evacuation Pause) done
Event: 61.879 Executing non-safepoint VM operation: HandshakeAllThreads (Deoptimize)
Event: 61.879 Executing non-safepoint VM operation: HandshakeAllThreads (Deoptimize) done
Event: 62.521 Executing safepoint VM operation: G1CollectForAllocation (G1 Evacuation Pause)
Event: 62.528 Executing safepoint VM operation: G1CollectForAllocation (G1 Evacuation Pause) done
Event: 62.680 Executing safepoint VM operation: G1PauseRemark
Event: 62.689 Executing safepoint VM operation: G1PauseRemark done
Event: 62.755 Executing safepoint VM operation: G1PauseCleanup
Event: 62.755 Executing safepoint VM operation: G1PauseCleanup done
Event: 62.851 Executing non-safepoint VM operation: HandshakeAllThreads (Deoptimize)
Event: 62.851 Executing non-safepoint VM operation: HandshakeAllThreads (Deoptimize) done
Event: 63.577 Executing non-safepoint VM operation: HandshakeAllThreads (Deoptimize)
Event: 63.577 Executing non-safepoint VM operation: HandshakeAllThreads (Deoptimize) done
Event: 64.579 Executing safepoint VM operation: Cleanup

Memory protections (0 events):
No events

Nmethod flushes (20 events):
Event: 62.687 Thread 0x0000024ab91daa20 flushing  nmethod 0x0000024aa2e37990
Event: 62.687 Thread 0x0000024ab91daa20 flushing  nmethod 0x0000024aa2f79210
Event: 62.687 Thread 0x0000024ab91daa20 flushing  nmethod 0x0000024aa2f7aa90
Event: 62.687 Thread 0x0000024ab91daa20 flushing  nmethod 0x0000024aa2f7b710
Event: 62.687 Thread 0x0000024ab91daa20 flushing  nmethod 0x0000024aa2fb9090
Event: 62.687 Thread 0x0000024ab91daa20 flushing  nmethod 0x0000024aa2fbeb10
Event: 62.687 Thread 0x0000024ab91daa20 flushing  nmethod 0x0000024aa2fbfb90
Event: 62.687 Thread 0x0000024ab91daa20 flushing  nmethod 0x0000024aa2ffa610
Event: 62.687 Thread 0x0000024ab91daa20 flushing  nmethod 0x0000024aa3033a10
Event: 62.687 Thread 0x0000024ab91daa20 flushing  nmethod 0x0000024aa3035f10
Event: 62.687 Thread 0x0000024ab91daa20 flushing  nmethod 0x0000024aa3039e90
Event: 62.687 Thread 0x0000024ab91daa20 flushing  nmethod 0x0000024aa309a890
Event: 62.687 Thread 0x0000024ab91daa20 flushing  nmethod 0x0000024aa309b510
Event: 62.687 Thread 0x0000024ab91daa20 flushing  nmethod 0x0000024aa3186110
Event: 62.687 Thread 0x0000024ab91daa20 flushing  nmethod 0x0000024aa333e590
Event: 62.687 Thread 0x0000024ab91daa20 flushing  nmethod 0x0000024aa33f8590
Event: 62.687 Thread 0x0000024ab91daa20 flushing  nmethod 0x0000024aa33f9510
Event: 62.687 Thread 0x0000024ab91daa20 flushing  nmethod 0x0000024aa357d690
Event: 62.687 Thread 0x0000024ab91daa20 flushing  nmethod 0x0000024aa36b9f10
Event: 62.687 Thread 0x0000024ab91daa20 flushing  nmethod 0x0000024aa3982c90

Events (20 events):
Event: 55.388 Thread 0x0000024ae40720c0 Thread added: 0x0000024adf148d10
Event: 55.431 Thread 0x0000024add2af1a0 Thread added: 0x0000024adf14c820
Event: 55.464 Thread 0x0000024adf1437c0 Thread added: 0x0000024ade5df260
Event: 55.479 Thread 0x0000024adf1444e0 Thread added: 0x0000024ade5dc470
Event: 55.505 Thread 0x0000024add2af1a0 Thread added: 0x0000024ade5dff80
Event: 57.520 Thread 0x0000024ade0bf280 Thread exited: 0x0000024ade0bf280
Event: 61.142 Thread 0x0000024ab920e4e0 Thread added: 0x0000024ae417e6c0
Event: 61.271 Thread 0x0000024adf148d10 Thread exited: 0x0000024adf148d10
Event: 61.271 Thread 0x0000024ade5dc470 Thread exited: 0x0000024ade5dc470
Event: 61.318 Thread 0x0000024ab920e4e0 Thread added: 0x0000024ae417b040
Event: 61.783 Thread 0x0000024ada222140 Thread added: 0x0000024ade5e1330
Event: 62.005 Thread 0x0000024ae417b040 Thread exited: 0x0000024ae417b040
Event: 62.005 Thread 0x0000024ae417e6c0 Thread exited: 0x0000024ae417e6c0
Event: 62.113 Thread 0x0000024ab920e4e0 Thread added: 0x0000024ae417e6c0
Event: 62.195 Thread 0x0000024ada222140 Thread added: 0x0000024ade5e0ca0
Event: 62.296 Thread 0x0000024ada222140 Thread added: 0x0000024ade5e19c0
Event: 62.311 Thread 0x0000024ada222140 Thread added: 0x0000024ade5e2050
Event: 62.694 Thread 0x0000024adf143e50 Thread exited: 0x0000024adf143e50
Event: 63.271 Thread 0x0000024ae417e6c0 Thread exited: 0x0000024ae417e6c0
Event: 63.490 Thread 0x0000024ab920b210 Thread added: 0x0000024ae4181670


Dynamic libraries:
0x00007ff7f2e80000 - 0x00007ff7f2e8e000 	C:\Users\HP\.vscode\extensions\redhat.java-1.54.0-win32-x64\jre\21.0.10-win32-x86_64\bin\java.exe
0x00007ffb36fc0000 - 0x00007ffb37227000 	C:\WINDOWS\SYSTEM32\ntdll.dll
0x00007ffb05400000 - 0x00007ffb05421000 	C:\Program Files\Avast Software\Avast\aswhook.dll
0x00007ffb36c60000 - 0x00007ffb36d29000 	C:\WINDOWS\System32\KERNEL32.DLL
0x00007ffb34640000 - 0x00007ffb34a34000 	C:\WINDOWS\System32\KERNELBASE.dll
0x00007ffb30b70000 - 0x00007ffb30c0f000 	C:\WINDOWS\SYSTEM32\apphelp.dll
0x00007ffb34100000 - 0x00007ffb3424b000 	C:\WINDOWS\System32\ucrtbase.dll
0x00007ffabb310000 - 0x00007ffabb32e000 	C:\Users\HP\.vscode\extensions\redhat.java-1.54.0-win32-x64\jre\21.0.10-win32-x86_64\bin\VCRUNTIME140.dll
0x00007ffac0f80000 - 0x00007ffac0f98000 	C:\Users\HP\.vscode\extensions\redhat.java-1.54.0-win32-x64\jre\21.0.10-win32-x86_64\bin\jli.dll
0x00007ffb36730000 - 0x00007ffb368f5000 	C:\WINDOWS\System32\USER32.dll
0x00007ffb34d20000 - 0x00007ffb34d47000 	C:\WINDOWS\System32\win32u.dll
0x00007ffb16fb0000 - 0x00007ffb17243000 	C:\WINDOWS\WinSxS\amd64_microsoft.windows.common-controls_6595b64144ccf1df_6.0.26100.8115_none_3e075c82e3354f9c\COMCTL32.dll
0x00007ffb35460000 - 0x00007ffb3548b000 	C:\WINDOWS\System32\GDI32.dll
0x00007ffb36900000 - 0x00007ffb369a9000 	C:\WINDOWS\System32\msvcrt.dll
0x00007ffb34510000 - 0x00007ffb3463b000 	C:\WINDOWS\System32\gdi32full.dll
0x00007ffb34bb0000 - 0x00007ffb34c53000 	C:\WINDOWS\System32\msvcp_win.dll
0x00007ffb36dc0000 - 0x00007ffb36df2000 	C:\WINDOWS\System32\IMM32.DLL
0x00007ffb0a350000 - 0x00007ffb0a35c000 	C:\Users\HP\.vscode\extensions\redhat.java-1.54.0-win32-x64\jre\21.0.10-win32-x86_64\bin\vcruntime140_1.dll
0x00007ffaa1bb0000 - 0x00007ffaa1c3d000 	C:\Users\HP\.vscode\extensions\redhat.java-1.54.0-win32-x64\jre\21.0.10-win32-x86_64\bin\msvcp140.dll
0x00007ffa436d0000 - 0x00007ffa44471000 	C:\Users\HP\.vscode\extensions\redhat.java-1.54.0-win32-x64\jre\21.0.10-win32-x86_64\bin\server\jvm.dll
0x00007ffb365f0000 - 0x00007ffb366a6000 	C:\WINDOWS\System32\ADVAPI32.dll
0x00007ffb358d0000 - 0x00007ffb35977000 	C:\WINDOWS\System32\sechost.dll
0x00007ffb36e60000 - 0x00007ffb36f78000 	C:\WINDOWS\System32\RPCRT4.dll
0x00007ffb36560000 - 0x00007ffb365e0000 	C:\WINDOWS\System32\WS2_32.dll
0x00007ffb33710000 - 0x00007ffb3376e000 	C:\WINDOWS\SYSTEM32\POWRPROF.dll
0x00007ffb286e0000 - 0x00007ffb28716000 	C:\WINDOWS\SYSTEM32\WINMM.dll
0x00007ffb27900000 - 0x00007ffb2790b000 	C:\WINDOWS\SYSTEM32\VERSION.dll
0x00007ffb336f0000 - 0x00007ffb33704000 	C:\WINDOWS\SYSTEM32\UMPDC.dll
0x00007ffb32620000 - 0x00007ffb3263b000 	C:\WINDOWS\SYSTEM32\kernel.appcore.dll
0x00007ffb04050000 - 0x00007ffb0405a000 	C:\Users\HP\.vscode\extensions\redhat.java-1.54.0-win32-x64\jre\21.0.10-win32-x86_64\bin\jimage.dll
0x00007ffb316e0000 - 0x00007ffb31922000 	C:\WINDOWS\SYSTEM32\DBGHELP.DLL
0x00007ffb35980000 - 0x00007ffb35d02000 	C:\WINDOWS\System32\combase.dll
0x00007ffb36480000 - 0x00007ffb36558000 	C:\WINDOWS\System32\OLEAUT32.dll
0x00007ffb20240000 - 0x00007ffb2027b000 	C:\WINDOWS\SYSTEM32\dbgcore.DLL
0x00007ffb343d0000 - 0x00007ffb34475000 	C:\WINDOWS\System32\bcryptPrimitives.dll
0x00007ffb00560000 - 0x00007ffb0056f000 	C:\Users\HP\.vscode\extensions\redhat.java-1.54.0-win32-x64\jre\21.0.10-win32-x86_64\bin\instrument.dll
0x00007ffaba1b0000 - 0x00007ffaba1d0000 	C:\Users\HP\.vscode\extensions\redhat.java-1.54.0-win32-x64\jre\21.0.10-win32-x86_64\bin\java.dll
0x00007ffb35d10000 - 0x00007ffb36477000 	C:\WINDOWS\System32\SHELL32.dll
0x00007ffb34a40000 - 0x00007ffb34baa000 	C:\WINDOWS\System32\wintypes.dll
0x00007ffb33890000 - 0x00007ffb340f8000 	C:\WINDOWS\System32\windows.storage.dll
0x00007ffb34e60000 - 0x00007ffb34f58000 	C:\WINDOWS\System32\SHCORE.dll
0x00007ffb34f60000 - 0x00007ffb34fc6000 	C:\WINDOWS\System32\shlwapi.dll
0x00007ffb337b0000 - 0x00007ffb337d9000 	C:\WINDOWS\SYSTEM32\profapi.dll
0x00007ffaba170000 - 0x00007ffaba188000 	C:\Users\HP\.vscode\extensions\redhat.java-1.54.0-win32-x64\jre\21.0.10-win32-x86_64\bin\zip.dll
0x00007ffaff690000 - 0x00007ffaff6a0000 	C:\Users\HP\.vscode\extensions\redhat.java-1.54.0-win32-x64\jre\21.0.10-win32-x86_64\bin\net.dll
0x00007ffb22f10000 - 0x00007ffb2303d000 	C:\WINDOWS\SYSTEM32\WINHTTP.dll
0x00007ffb32b90000 - 0x00007ffb32bfc000 	C:\WINDOWS\system32\mswsock.dll
0x00007ffab9f70000 - 0x00007ffab9f86000 	C:\Users\HP\.vscode\extensions\redhat.java-1.54.0-win32-x64\jre\21.0.10-win32-x86_64\bin\nio.dll
0x00007ffafe760000 - 0x00007ffafe770000 	C:\Users\HP\.vscode\extensions\redhat.java-1.54.0-win32-x64\jre\21.0.10-win32-x86_64\bin\verify.dll
0x00007ffac0d00000 - 0x00007ffac0d27000 	C:\Users\HP\.gradle\native\1def1411415f61bf3af743bc5b6707747c0891f09f0c88961ee8f79bc544acac\windows-amd64\native-platform.dll
0x00007ffac0c80000 - 0x00007ffac0cf8000 	C:\Users\HP\.gradle\native\0.2.7\x86_64-windows-gnu\gradle-fileevents.dll
0x00007ffaf5a00000 - 0x00007ffaf5a0a000 	C:\Users\HP\.vscode\extensions\redhat.java-1.54.0-win32-x64\jre\21.0.10-win32-x86_64\bin\management.dll
0x00007ffaf58e0000 - 0x00007ffaf58ec000 	C:\Users\HP\.vscode\extensions\redhat.java-1.54.0-win32-x64\jre\21.0.10-win32-x86_64\bin\management_ext.dll
0x00007ffb35490000 - 0x00007ffb35498000 	C:\WINDOWS\System32\PSAPI.DLL
0x00007ffb32020000 - 0x00007ffb32052000 	C:\WINDOWS\SYSTEM32\IPHLPAPI.DLL
0x00007ffb36a70000 - 0x00007ffb36a7a000 	C:\WINDOWS\System32\NSI.dll
0x00007ffaf9490000 - 0x00007ffaf9499000 	C:\Users\HP\.vscode\extensions\redhat.java-1.54.0-win32-x64\jre\21.0.10-win32-x86_64\bin\extnet.dll
0x00007ffb32e70000 - 0x00007ffb32e8b000 	C:\WINDOWS\SYSTEM32\CRYPTSP.dll
0x00007ffb32580000 - 0x00007ffb325b9000 	C:\WINDOWS\system32\rsaenh.dll
0x00007ffb32c40000 - 0x00007ffb32c73000 	C:\WINDOWS\SYSTEM32\USERENV.dll
0x00007ffb33780000 - 0x00007ffb337aa000 	C:\WINDOWS\SYSTEM32\bcrypt.dll
0x00007ffb32e90000 - 0x00007ffb32e9c000 	C:\WINDOWS\SYSTEM32\CRYPTBASE.dll
0x00007ffafe4f0000 - 0x00007ffafe4fe000 	C:\Users\HP\.vscode\extensions\redhat.java-1.54.0-win32-x64\jre\21.0.10-win32-x86_64\bin\sunmscapi.dll
0x00007ffb34250000 - 0x00007ffb343c7000 	C:\WINDOWS\System32\CRYPT32.dll
0x00007ffb33090000 - 0x00007ffb330c0000 	C:\WINDOWS\SYSTEM32\ncrypt.dll
0x00007ffb33040000 - 0x00007ffb3307f000 	C:\WINDOWS\SYSTEM32\NTASN1.dll
0x00007ffb1fc60000 - 0x00007ffb1fc68000 	C:\WINDOWS\system32\wshunix.dll
0x00007ffaf86d0000 - 0x00007ffaf86d7000 	C:\Users\HP\.vscode\extensions\redhat.java-1.54.0-win32-x64\jre\21.0.10-win32-x86_64\bin\rmi.dll

JVMTI agents:
C:\Users\HP\.gradle\wrapper\dists\gradle-8.14.3-bin\cv11ve7ro1n3o1j4so8xd9n66\gradle-8.14.3\lib\agents\gradle-instrumentation-agent-8.14.3.jar path:C:\Users\HP\.vscode\extensions\redhat.java-1.54.0-win32-x64\jre\21.0.10-win32-x86_64\bin\instrument.dll, loaded, initialized, instrumentlib options:none

dbghelp: loaded successfully - version: 4.0.5 - missing functions: none
symbol engine: initialized successfully - sym options: 0x614 - pdb path: .;C:\Users\HP\.vscode\extensions\redhat.java-1.54.0-win32-x64\jre\21.0.10-win32-x86_64\bin;C:\WINDOWS\SYSTEM32;C:\Program Files\Avast Software\Avast;C:\WINDOWS\WinSxS\amd64_microsoft.windows.common-controls_6595b64144ccf1df_6.0.26100.8115_none_3e075c82e3354f9c;C:\Users\HP\.vscode\extensions\redhat.java-1.54.0-win32-x64\jre\21.0.10-win32-x86_64\bin\server;C:\Users\HP\.gradle\native\1def1411415f61bf3af743bc5b6707747c0891f09f0c88961ee8f79bc544acac\windows-amd64;C:\Users\HP\.gradle\native\0.2.7\x86_64-windows-gnu

VM Arguments:
jvm_args: --add-opens=java.base/java.lang=ALL-UNNAMED --add-opens=java.base/java.lang.invoke=ALL-UNNAMED --add-opens=java.base/java.util=ALL-UNNAMED --add-opens=java.prefs/java.util.prefs=ALL-UNNAMED --add-exports=jdk.compiler/com.sun.tools.javac.api=ALL-UNNAMED --add-exports=jdk.compiler/com.sun.tools.javac.util=ALL-UNNAMED --add-opens=java.base/java.util=ALL-UNNAMED --add-opens=java.prefs/java.util.prefs=ALL-UNNAMED --add-opens=java.base/java.nio.charset=ALL-UNNAMED --add-opens=java.base/java.net=ALL-UNNAMED --add-opens=java.base/java.util.concurrent.atomic=ALL-UNNAMED --add-opens=java.xml/javax.xml.namespace=ALL-UNNAMED -XX:MaxMetaspaceSize=512m -Xmx4096m -Dfile.encoding=UTF-8 -Duser.country=US -Duser.language=en -Duser.variant -javaagent:C:\Users\HP\.gradle\wrapper\dists\gradle-8.14.3-bin\cv11ve7ro1n3o1j4so8xd9n66\gradle-8.14.3\lib\agents\gradle-instrumentation-agent-8.14.3.jar 
java_command: org.gradle.launcher.daemon.bootstrap.GradleDaemon 8.14.3
java_class_path (initial): C:\Users\HP\.gradle\wrapper\dists\gradle-8.14.3-bin\cv11ve7ro1n3o1j4so8xd9n66\gradle-8.14.3\lib\gradle-daemon-main-8.14.3.jar
Launcher Type: SUN_STANDARD

[Global flags]
     intx CICompilerCount                          = 4                                         {product} {ergonomic}
   size_t CompressedClassSpaceSize                 = 436207616                                 {product} {ergonomic}
     uint ConcGCThreads                            = 2                                         {product} {ergonomic}
     uint G1ConcRefinementThreads                  = 8                                         {product} {ergonomic}
   size_t G1HeapRegionSize                         = 2097152                                   {product} {ergonomic}
    uintx GCDrainStackTargetSize                   = 64                                        {product} {ergonomic}
   size_t InitialHeapSize                          = 398458880                                 {product} {ergonomic}
   size_t MarkStackSize                            = 4194304                                   {product} {ergonomic}
   size_t MaxHeapSize                              = 4294967296                                {product} {command line}
   size_t MaxMetaspaceSize                         = 536870912                                 {product} {command line}
   size_t MaxNewSize                               = 2575302656                                {product} {ergonomic}
   size_t MinHeapDeltaBytes                        = 2097152                                   {product} {ergonomic}
   size_t MinHeapSize                              = 8388608                                   {product} {ergonomic}
    uintx NonNMethodCodeHeapSize                   = 5839372                                {pd product} {ergonomic}
    uintx NonProfiledCodeHeapSize                  = 122909434                              {pd product} {ergonomic}
    uintx ProfiledCodeHeapSize                     = 122909434                              {pd product} {ergonomic}
    uintx ReservedCodeCacheSize                    = 251658240                              {pd product} {ergonomic}
     bool SegmentedCodeCache                       = true                                      {product} {ergonomic}
   size_t SoftMaxHeapSize                          = 4294967296                             {manageable} {ergonomic}
     bool UseCompressedOops                        = true                           {product lp64_product} {ergonomic}
     bool UseG1GC                                  = true                                      {product} {ergonomic}
     bool UseLargePagesIndividualAllocation        = false                                  {pd product} {ergonomic}

Logging:
Log output configuration:
 #0: stdout all=warning uptime,level,tags foldmultilines=false
 #1: stderr all=off uptime,level,tags foldmultilines=false

Release file:
JAVA_VERSION="21.0.10" 
MODULES="java.base java.compiler java.datatransfer java.xml java.prefs java.desktop java.instrument java.logging java.management java.security.sasl java.naming java.rmi java.management.rmi java.net.http java.scripting java.security.jgss java.transaction.xa java.sql java.sql.rowset java.xml.crypto java.se java.smartcardio jdk.accessibility jdk.internal.jvmstat jdk.attach jdk.charsets jdk.internal.opt jdk.zipfs jdk.compiler jdk.crypto.ec jdk.crypto.cryptoki jdk.crypto.mscapi jdk.dynalink jdk.internal.ed jdk.editpad jdk.hotspot.agent jdk.httpserver jdk.internal.le jdk.internal.vm.ci jdk.internal.vm.compiler jdk.internal.vm.compiler.management jdk.jartool jdk.javadoc jdk.jcmd jdk.management jdk.management.agent jdk.jconsole jdk.jdeps jdk.jdwp.agent jdk.jdi jdk.jfr jdk.jshell jdk.jsobject jdk.jstatd jdk.localedata jdk.management.jfr jdk.naming.dns jdk.naming.rmi jdk.net jdk.nio.mapmode jdk.random jdk.sctp jdk.security.auth jdk.security.jgss jdk.unsupported jdk.unsupported.desktop jdk.xml.dom" 

Environment Variables:
JAVA_HOME=C:\Program Files\Java\jdk-17
PATH=C:\Program Files\Java\jdk-17\bin;C:\Ruby34-x64\bin;C:\Program Files\dotnet;C:\Program Files\Java\jdk-24\bin;C:\Users\HP\AppData\Local\Programs\Python\Python312\Scripts;C:\Users\HP\AppData\Local\Programs\Python\Python312;C:\WINDOWS\system32;C:\WINDOWS;C:\WINDOWS\System32\Wbem;C:\WINDOWS\System32\WindowsPowerShell\v1.0\;C:\WINDOWS\System32\OpenSSH\;C:\Program Files\nodejs\;C:\ProgramData\chocolatey\bin;C:\Program Files\Git\cmd;C:\Program Files\dotnet\;C:\flutter\bin;C:\tools\dart-sdk;C:\Program Files\eSpeak NG\;C:\Program Files\PostgreSQL\17\bin;C:\Program Files\Go\bin;C:\Program Files\swipl\bin;C:\Users\HP\AppData\Local\Programs\Python\Python312\Scripts\;C:\Users\HP\AppData\Local\Programs\Python\Python312\;C:\Users\HP\.local\bin;C:\Users\HP\AppData\Local\Microsoft\WindowsApps;C:\Users\HP\AppData\Local\Programs\Microsoft VS Code\bin;C:\Users\HP\AppData\Roaming\npm;C:\tools\dart-sdk\bin;C:\Users\HP\AppData\Local\Pub\Cache\bin;C:\Users\HP\.dotnet\tools;C:\Users\HP\go\bin;C:\ghcup\bin;C:\Users\HP\AppData\Local\Programs\Antigravity\bin;C:\Users\HP\AppData\Local\PowerToys\DSCModules\;C:\Users\HP\AppData\Local\Android\Sdk\platform-tools
USERNAME=HP
OS=Windows_NT
PROCESSOR_IDENTIFIER=Intel64 Family 6 Model 140 Stepping 1, GenuineIntel
TMP=C:\Users\HP\AppData\Local\Temp
TEMP=C:\Users\HP\AppData\Local\Temp




Periodic native trim disabled

---------------  S Y S T E M  ---------------

OS:
 Windows 11 , 64 bit Build 26100 (10.0.26100.8246)
OS uptime: 0 days 9:13 hours
Hyper-V role detected

CPU: total 8 (initial active 8) (4 cores per cpu, 2 threads per core) family 6 model 140 stepping 1 microcode 0xb8, cx8, cmov, fxsr, ht, mmx, 3dnowpref, sse, sse2, sse3, ssse3, sse4.1, sse4.2, popcnt, lzcnt, tsc, tscinvbit, avx, avx2, aes, erms, clmul, bmi1, bmi2, adx, avx512f, avx512dq, avx512cd, avx512bw, avx512vl, sha, fma, vzeroupper, avx512_vpopcntdq, avx512_vpclmulqdq, avx512_vaes, avx512_vnni, clflush, clflushopt, clwb, avx512_vbmi2, avx512_vbmi, hv, rdtscp, rdpid, fsrm, gfni, avx512_bitalg, f16c, cet_ibt, cet_ss, avx512_ifma
Processor Information for the first 8 processors :
  Max Mhz: 2419, Current Mhz: 2419, Mhz Limit: 2419

Memory: 4k page, system-wide physical 24243M (5718M free)
TotalPageFile size 28339M (AvailPageFile size 42M)
current process WorkingSet (physical memory assigned to process): 548M, peak: 548M
current process commit charge ("private bytes"): 585M, peak: 585M

vm_info: OpenJDK 64-Bit Server VM (21.0.10+7-LTS) for windows-amd64 JRE (21.0.10+7-LTS), built on 2026-01-20T00:00:00Z by "admin" with MS VC++ 17.12 (VS2022)

END.
