#
# There is insufficient memory for the Java Runtime Environment to continue.
# Native memory allocation (malloc) failed to allocate 10210320 bytes. Error detail: Chunk::new
# Possible reasons:
#   The system is out of physical RAM or swap space
#   This process is running with CompressedOops enabled, and the Java Heap may be blocking the growth of the native heap
# Possible solutions:
#   Reduce memory load on the system
#   Increase physical memory or swap space
#   Check if swap backing store is full
#   Decrease Java heap size (-Xmx/-Xms)
#   Decrease number of Java threads
#   Decrease Java thread stack sizes (-Xss)
#   Set larger code cache with -XX:ReservedCodeCacheSize=
#   JVM is running with Unscaled Compressed Oops mode in which the Java heap is
#     placed in the first 4GB address space. The Java Heap base address is the
#     maximum limit for the native heap growth. Please use -XX:HeapBaseMinAddress
#     to set the Java Heap base and to place the Java Heap above 4GB virtual address.
# This output file may be truncated or incomplete.
#
#  Out of Memory Error (arena.cpp:162), pid=27744, tid=15852
#
# JRE version: Java(TM) SE Runtime Environment (24.0.2+12) (build 24.0.2+12-54)
# Java VM: Java HotSpot(TM) 64-Bit Server VM (24.0.2+12-54, mixed mode, sharing, tiered, compressed oops, compressed class ptrs, g1 gc, windows-amd64)
# No core dump will be written. Minidumps are not enabled by default on client versions of Windows
#

---------------  S U M M A R Y ------------

Command Line: --add-opens=java.base/java.lang=ALL-UNNAMED --add-opens=java.base/java.lang.invoke=ALL-UNNAMED --add-opens=java.base/java.util=ALL-UNNAMED --add-opens=java.prefs/java.util.prefs=ALL-UNNAMED --add-exports=jdk.compiler/com.sun.tools.javac.api=ALL-UNNAMED --add-exports=jdk.compiler/com.sun.tools.javac.util=ALL-UNNAMED --add-opens=java.base/java.util=ALL-UNNAMED --add-opens=java.prefs/java.util.prefs=ALL-UNNAMED --add-opens=java.base/java.nio.charset=ALL-UNNAMED --add-opens=java.base/java.net=ALL-UNNAMED --add-opens=java.base/java.util.concurrent.atomic=ALL-UNNAMED --add-opens=java.xml/javax.xml.namespace=ALL-UNNAMED --enable-native-access=ALL-UNNAMED -XX:MaxMetaspaceSize=512m -Xmx2048m -Dfile.encoding=UTF-8 -Duser.country=US -Duser.language=en -Duser.variant -javaagent:C:\Users\HP\.gradle\wrapper\dists\gradle-8.14.3-bin\cv11ve7ro1n3o1j4so8xd9n66\gradle-8.14.3\lib\agents\gradle-instrumentation-agent-8.14.3.jar org.gradle.launcher.daemon.bootstrap.GradleDaemon 8.14.3

Host: 11th Gen Intel(R) Core(TM) i5-1135G7 @ 2.40GHz, 8 cores, 23G,  Windows 11 , 64 bit Build 26100 (10.0.26100.8115)
Time: Wed Apr 15 22:25:56 2026 Middle East Daylight Time elapsed time: 152.087243 seconds (0d 0h 2m 32s)

---------------  T H R E A D  ---------------

Current thread (0x000002117efaadb0):  JavaThread "C2 CompilerThread0" daemon [_thread_in_native, id=15852, stack(0x000000ce11800000,0x000000ce11900000) (1024K)]


Current CompileTask:
C2:152087 26011       4       org.gradle.internal.reflect.ClassInspector::inspectClass (179 bytes)

Stack: [0x000000ce11800000,0x000000ce11900000]
Native frames: (J=compiled Java code, j=interpreted, Vv=VM code, C=native code)
V  [jvm.dll+0x730829]  (no source info available)
V  [jvm.dll+0x8d9da3]  (no source info available)
V  [jvm.dll+0x8dc28d]  (no source info available)
V  [jvm.dll+0x8dc903]  (no source info available)
V  [jvm.dll+0x2a9f56]  (no source info available)
V  [jvm.dll+0xced7f]  (no source info available)
V  [jvm.dll+0xcefdf]  (no source info available)
V  [jvm.dll+0x154c83]  (no source info available)
V  [jvm.dll+0x73604f]  (no source info available)
V  [jvm.dll+0x26f8dc]  (no source info available)
V  [jvm.dll+0x26e8ff]  (no source info available)
V  [jvm.dll+0x1e9c90]  (no source info available)
V  [jvm.dll+0x27e0cb]  (no source info available)
V  [jvm.dll+0x27c36a]  (no source info available)
V  [jvm.dll+0x42f396]  (no source info available)
V  [jvm.dll+0x87d9eb]  (no source info available)
V  [jvm.dll+0x72ef45]  (no source info available)
C  [ucrtbase.dll+0x37b0]  (no source info available)
C  [KERNEL32.DLL+0x2e8d7]  (no source info available)
C  [ntdll.dll+0x8c3fc]  (no source info available)

Lock stack of current Java thread (top to bottom):


---------------  P R O C E S S  ---------------

Threads class SMR info:
_java_thread_list=0x0000021146cbcc10, length=103, elements={
0x0000021174fd2a70, 0x000002117ef96170, 0x000002117ef968b0, 0x000002117ef9dd80,
0x000002117ef9e4c0, 0x000002117efa3780, 0x000002112e0e4f20, 0x000002117efaadb0,
0x000002117efad990, 0x000002112e282ed0, 0x000002112e364b40, 0x0000021133e67420,
0x000002113424fb10, 0x0000021133ea46d0, 0x0000021133ea3830, 0x0000021133ea5570,
0x0000021133ea4e20, 0x0000021133ea6410, 0x0000021133ea5cc0, 0x0000021133ea30e0,
0x0000021133ea3f80, 0x00000211342458d0, 0x0000021134245180, 0x0000021134242cf0,
0x00000211342442e0, 0x0000021134243440, 0x0000021134244a30, 0x00000211342425a0,
0x000002112e908310, 0x000002112e908a60, 0x000002112e9091b0, 0x000002112e907bc0,
0x000002112e90cc30, 0x000002112e90bd90, 0x000002112e90c4e0, 0x000002112e90d380,
0x000002112e90b640, 0x000002112e90a050, 0x000002112e90e220, 0x0000021136bd4700,
0x0000021136bd6440, 0x0000021136bd6b90, 0x0000021136bd3fb0, 0x0000021136bd4e50,
0x0000021136bd55a0, 0x0000021136bd5cf0, 0x0000021136bd72e0, 0x0000021134243b90,
0x0000021137456300, 0x0000021137454d10, 0x0000021137456a50, 0x00000211374545c0,
0x0000021137453720, 0x00000211374571a0, 0x0000021137453e70, 0x0000021137455bb0,
0x0000021137458040, 0x0000021137458790, 0x00000211374578f0, 0x0000021137455460,
0x0000021137459d80, 0x0000021137458ee0, 0x0000021137459630, 0x000002113745a4d0,
0x000002113745ac20, 0x0000021134f13130, 0x0000021134f12290, 0x0000021134f129e0,
0x0000021134f13880, 0x0000021134f10550, 0x00000211381ff9c0, 0x0000021138200110,
0x00000211381fb7f0, 0x0000021134f15d10, 0x0000021134f16460, 0x0000021146a20db0,
0x000002113768b060, 0x000002113768e390, 0x000002113768c650, 0x000002113768dc40,
0x000002113768bf00, 0x0000021137690f70, 0x00000211376900d0, 0x0000021137691e10,
0x0000021148055be0, 0x0000021148056330, 0x0000021148053000, 0x0000021148053750,
0x00000211480571d0, 0x0000021148053ea0, 0x0000021148056a80, 0x0000021148057920,
0x0000021148054d40, 0x0000021148055490, 0x00000211480545f0, 0x000002114805a500,
0x0000021148058070, 0x0000021148058f10, 0x00000211480587c0, 0x0000021148059660,
0x0000021148059db0, 0x0000021148566b20, 0x0000021134512880
}

Java Threads: ( => current thread )
  0x0000021174fd2a70 JavaThread "main"                              [_thread_blocked, id=13012, stack(0x000000ce10a00000,0x000000ce10b00000) (1024K)]
  0x000002117ef96170 JavaThread "Reference Handler"          daemon [_thread_blocked, id=10852, stack(0x000000ce11200000,0x000000ce11300000) (1024K)]
  0x000002117ef968b0 JavaThread "Finalizer"                  daemon [_thread_blocked, id=19796, stack(0x000000ce11300000,0x000000ce11400000) (1024K)]
  0x000002117ef9dd80 JavaThread "Signal Dispatcher"          daemon [_thread_blocked, id=28376, stack(0x000000ce11400000,0x000000ce11500000) (1024K)]
  0x000002117ef9e4c0 JavaThread "Attach Listener"            daemon [_thread_blocked, id=4436, stack(0x000000ce11500000,0x000000ce11600000) (1024K)]
  0x000002117efa3780 JavaThread "Service Thread"             daemon [_thread_blocked, id=19212, stack(0x000000ce11600000,0x000000ce11700000) (1024K)]
  0x000002112e0e4f20 JavaThread "Monitor Deflation Thread"   daemon [_thread_blocked, id=16436, stack(0x000000ce11700000,0x000000ce11800000) (1024K)]
=>0x000002117efaadb0 JavaThread "C2 CompilerThread0"         daemon [_thread_in_native, id=15852, stack(0x000000ce11800000,0x000000ce11900000) (1024K)]
  0x000002117efad990 JavaThread "C1 CompilerThread0"         daemon [_thread_blocked, id=27976, stack(0x000000ce11900000,0x000000ce11a00000) (1024K)]
  0x000002112e282ed0 JavaThread "Common-Cleaner"             daemon [_thread_blocked, id=26732, stack(0x000000ce11a00000,0x000000ce11b00000) (1024K)]
  0x000002112e364b40 JavaThread "Notification Thread"        daemon [_thread_blocked, id=28400, stack(0x000000ce11b00000,0x000000ce11c00000) (1024K)]
  0x0000021133e67420 JavaThread "Daemon health stats"               [_thread_blocked, id=24492, stack(0x000000ce12300000,0x000000ce12400000) (1024K)]
  0x000002113424fb10 JavaThread "Incoming local TCP Connector on port 59861"        [_thread_in_native, id=17772, stack(0x000000ce12400000,0x000000ce12500000) (1024K)]
  0x0000021133ea46d0 JavaThread "Daemon periodic checks"            [_thread_blocked, id=4440, stack(0x000000ce12500000,0x000000ce12600000) (1024K)]
  0x0000021133ea3830 JavaThread "Daemon"                            [_thread_blocked, id=10196, stack(0x000000ce12700000,0x000000ce12800000) (1024K)]
  0x0000021133ea5570 JavaThread "Handler for socket connection from /127.0.0.1:59861 to /127.0.0.1:59862"        [_thread_in_native, id=4120, stack(0x000000ce12800000,0x000000ce12900000) (1024K)]
  0x0000021133ea4e20 JavaThread "Cancel handler"                    [_thread_blocked, id=13660, stack(0x000000ce12600000,0x000000ce12700000) (1024K)]
  0x0000021133ea6410 JavaThread "Daemon worker"                     [_thread_in_Java, id=24192, stack(0x000000ce12900000,0x000000ce12a00000) (1024K)]
  0x0000021133ea5cc0 JavaThread "Asynchronous log dispatcher for DefaultDaemonConnection: socket connection from /127.0.0.1:59861 to /127.0.0.1:59862"        [_thread_blocked, id=22272, stack(0x000000ce12a00000,0x000000ce12b00000) (1024K)]
  0x0000021133ea30e0 JavaThread "Stdin handler"                     [_thread_blocked, id=6980, stack(0x000000ce12b00000,0x000000ce12c00000) (1024K)]
  0x0000021133ea3f80 JavaThread "Daemon client event forwarder"        [_thread_blocked, id=15036, stack(0x000000ce12c00000,0x000000ce12d00000) (1024K)]
  0x00000211342458d0 JavaThread "Cache worker for journal cache (C:\Users\HP\.gradle\caches\journal-1)"        [_thread_blocked, id=28504, stack(0x000000ce12d00000,0x000000ce12e00000) (1024K)]
  0x0000021134245180 JavaThread "File lock request listener"        [_thread_in_native, id=8164, stack(0x000000ce12e00000,0x000000ce12f00000) (1024K)]
  0x0000021134242cf0 JavaThread "Cache worker for file hash cache (C:\Users\HP\.gradle\caches\8.14.3\fileHashes)"        [_thread_blocked, id=25552, stack(0x000000ce13000000,0x000000ce13100000) (1024K)]
  0x00000211342442e0 JavaThread "Cache worker for file hash cache (C:\Users\HP\Downloads\orion\Orion\android\.gradle\8.14.3\fileHashes)"        [_thread_blocked, id=9952, stack(0x000000ce13200000,0x000000ce13300000) (1024K)]
  0x0000021134243440 JavaThread "Cache worker for Build Output Cleanup Cache (C:\Users\HP\Downloads\orion\Orion\android\.gradle\buildOutputCleanup)"        [_thread_blocked, id=20744, stack(0x000000ce13300000,0x000000ce13400000) (1024K)]
  0x0000021134244a30 JavaThread "File watcher server"        daemon [_thread_in_native, id=18232, stack(0x000000ce12f00000,0x000000ce13000000) (1024K)]
  0x00000211342425a0 JavaThread "File watcher consumer"      daemon [_thread_blocked, id=26992, stack(0x000000ce13400000,0x000000ce13500000) (1024K)]
  0x000002112e908310 JavaThread "jar transforms"                    [_thread_blocked, id=24484, stack(0x000000ce13500000,0x000000ce13600000) (1024K)]
  0x000002112e908a60 JavaThread "jar transforms Thread 2"           [_thread_blocked, id=21180, stack(0x000000ce13600000,0x000000ce13700000) (1024K)]
  0x000002112e9091b0 JavaThread "jar transforms Thread 3"           [_thread_blocked, id=27724, stack(0x000000ce13700000,0x000000ce13800000) (1024K)]
  0x000002112e907bc0 JavaThread "jar transforms Thread 4"           [_thread_blocked, id=28480, stack(0x000000ce13800000,0x000000ce13900000) (1024K)]
  0x000002112e90cc30 JavaThread "jar transforms Thread 5"           [_thread_blocked, id=9808, stack(0x000000ce13a00000,0x000000ce13b00000) (1024K)]
  0x000002112e90bd90 JavaThread "Cache worker for checksums cache (C:\Users\HP\Downloads\orion\Orion\android\.gradle\8.14.3\checksums)"        [_thread_blocked, id=5180, stack(0x000000ce13b00000,0x000000ce13c00000) (1024K)]
  0x000002112e90c4e0 JavaThread "Cache worker for file content cache (C:\Users\HP\.gradle\caches\8.14.3\fileContent)"        [_thread_blocked, id=740, stack(0x000000ce13c00000,0x000000ce13d00000) (1024K)]
  0x000002112e90d380 JavaThread "jar transforms Thread 6"           [_thread_blocked, id=3832, stack(0x000000ce13e00000,0x000000ce13f00000) (1024K)]
  0x000002112e90b640 JavaThread "jar transforms Thread 7"           [_thread_blocked, id=28164, stack(0x000000ce13900000,0x000000ce13a00000) (1024K)]
  0x000002112e90a050 JavaThread "jar transforms Thread 8"           [_thread_blocked, id=21556, stack(0x000000ce13f00000,0x000000ce14000000) (1024K)]
  0x000002112e90e220 JavaThread "Cache worker for cache directory md-supplier (C:\Users\HP\.gradle\caches\8.14.3\md-supplier)"        [_thread_blocked, id=9620, stack(0x000000ce13d00000,0x000000ce13e00000) (1024K)]
  0x0000021136bd4700 JavaThread "Cache worker for cache directory md-rule (C:\Users\HP\.gradle\caches\8.14.3\md-rule)"        [_thread_blocked, id=19316, stack(0x000000ce14300000,0x000000ce14400000) (1024K)]
  0x0000021136bd6440 JavaThread "Cache worker for Build Output Cleanup Cache (C:\Users\HP\Downloads\orion\Orion\node_modules\@react-native\gradle-plugin\.gradle\buildOutputCleanup)"        [_thread_blocked, id=4204, stack(0x000000ce14400000,0x000000ce14500000) (1024K)]
  0x0000021136bd6b90 JavaThread "Unconstrained build operations"        [_thread_blocked, id=22516, stack(0x000000ce14500000,0x000000ce14600000) (1024K)]
  0x0000021136bd3fb0 JavaThread "Unconstrained build operations Thread 2"        [_thread_blocked, id=22436, stack(0x000000ce14600000,0x000000ce14700000) (1024K)]
  0x0000021136bd4e50 JavaThread "Unconstrained build operations Thread 3"        [_thread_blocked, id=23504, stack(0x000000ce14700000,0x000000ce14800000) (1024K)]
  0x0000021136bd55a0 JavaThread "Unconstrained build operations Thread 4"        [_thread_blocked, id=24024, stack(0x000000ce14800000,0x000000ce14900000) (1024K)]
  0x0000021136bd5cf0 JavaThread "Unconstrained build operations Thread 5"        [_thread_blocked, id=25072, stack(0x000000ce14900000,0x000000ce14a00000) (1024K)]
  0x0000021136bd72e0 JavaThread "Unconstrained build operations Thread 6"        [_thread_blocked, id=28536, stack(0x000000ce14a00000,0x000000ce14b00000) (1024K)]
  0x0000021134243b90 JavaThread "Cache worker for Build Output Cleanup Cache (C:\Users\HP\Downloads\orion\Orion\node_modules\expo-modules-autolinking\android\expo-gradle-plugin\.gradle\buildOutputCleanup)"        [_thread_blocked, id=25004, stack(0x000000ce14b00000,0x000000ce14c00000) (1024K)]
  0x0000021137456300 JavaThread "Unconstrained build operations Thread 7"        [_thread_blocked, id=24516, stack(0x000000ce14e00000,0x000000ce14f00000) (1024K)]
  0x0000021137454d10 JavaThread "Unconstrained build operations Thread 8"        [_thread_blocked, id=27816, stack(0x000000ce14f00000,0x000000ce15000000) (1024K)]
  0x0000021137456a50 JavaThread "Unconstrained build operations Thread 9"        [_thread_blocked, id=19544, stack(0x000000ce15000000,0x000000ce15100000) (1024K)]
  0x00000211374545c0 JavaThread "Unconstrained build operations Thread 10"        [_thread_blocked, id=23272, stack(0x000000ce15100000,0x000000ce15200000) (1024K)]
  0x0000021137453720 JavaThread "Unconstrained build operations Thread 11"        [_thread_blocked, id=25504, stack(0x000000ce15200000,0x000000ce15300000) (1024K)]
  0x00000211374571a0 JavaThread "Unconstrained build operations Thread 12"        [_thread_blocked, id=25728, stack(0x000000ce15300000,0x000000ce15400000) (1024K)]
  0x0000021137453e70 JavaThread "Unconstrained build operations Thread 13"        [_thread_blocked, id=28140, stack(0x000000ce15400000,0x000000ce15500000) (1024K)]
  0x0000021137455bb0 JavaThread "Unconstrained build operations Thread 14"        [_thread_blocked, id=15824, stack(0x000000ce15500000,0x000000ce15600000) (1024K)]
  0x0000021137458040 JavaThread "Unconstrained build operations Thread 15"        [_thread_blocked, id=28240, stack(0x000000ce15600000,0x000000ce15700000) (1024K)]
  0x0000021137458790 JavaThread "Unconstrained build operations Thread 16"        [_thread_blocked, id=3340, stack(0x000000ce15700000,0x000000ce15800000) (1024K)]
  0x00000211374578f0 JavaThread "Unconstrained build operations Thread 17"        [_thread_blocked, id=1336, stack(0x000000ce15800000,0x000000ce15900000) (1024K)]
  0x0000021137455460 JavaThread "Unconstrained build operations Thread 18"        [_thread_blocked, id=3348, stack(0x000000ce15900000,0x000000ce15a00000) (1024K)]
  0x0000021137459d80 JavaThread "Unconstrained build operations Thread 19"        [_thread_blocked, id=28096, stack(0x000000ce15a00000,0x000000ce15b00000) (1024K)]
  0x0000021137458ee0 JavaThread "Unconstrained build operations Thread 20"        [_thread_blocked, id=15532, stack(0x000000ce15b00000,0x000000ce15c00000) (1024K)]
  0x0000021137459630 JavaThread "Unconstrained build operations Thread 21"        [_thread_blocked, id=25576, stack(0x000000ce15c00000,0x000000ce15d00000) (1024K)]
  0x000002113745a4d0 JavaThread "Unconstrained build operations Thread 22"        [_thread_blocked, id=2928, stack(0x000000ce15d00000,0x000000ce15e00000) (1024K)]
  0x000002113745ac20 JavaThread "Unconstrained build operations Thread 23"        [_thread_blocked, id=21068, stack(0x000000ce15e00000,0x000000ce15f00000) (1024K)]
  0x0000021134f13130 JavaThread "Unconstrained build operations Thread 24"        [_thread_blocked, id=28280, stack(0x000000ce15f00000,0x000000ce16000000) (1024K)]
  0x0000021134f12290 JavaThread "Unconstrained build operations Thread 25"        [_thread_blocked, id=17508, stack(0x000000ce16000000,0x000000ce16100000) (1024K)]
  0x0000021134f129e0 JavaThread "Unconstrained build operations Thread 26"        [_thread_blocked, id=4916, stack(0x000000ce16100000,0x000000ce16200000) (1024K)]
  0x0000021134f13880 JavaThread "Unconstrained build operations Thread 27"        [_thread_blocked, id=24180, stack(0x000000ce16200000,0x000000ce16300000) (1024K)]
  0x0000021134f10550 JavaThread "Kotlin DSL Writer"                 [_thread_blocked, id=24992, stack(0x000000ce14c00000,0x000000ce14d00000) (1024K)]
  0x00000211381ff9c0 JavaThread "build event listener"              [_thread_blocked, id=27604, stack(0x000000ce10700000,0x000000ce10800000) (1024K)]
  0x0000021138200110 JavaThread "Memory manager"                    [_thread_blocked, id=28640, stack(0x000000ce10800000,0x000000ce10900000) (1024K)]
  0x00000211381fb7f0 JavaThread "Unconstrained build operations Thread 28"        [_thread_blocked, id=18804, stack(0x000000ce10900000,0x000000ce10a00000) (1024K)]
  0x0000021134f15d10 JavaThread "Unconstrained build operations Thread 29"        [_thread_blocked, id=22920, stack(0x000000ce14000000,0x000000ce14100000) (1024K)]
  0x0000021134f16460 JavaThread "Unconstrained build operations Thread 30"        [_thread_blocked, id=17876, stack(0x000000ce14100000,0x000000ce14200000) (1024K)]
  0x0000021146a20db0 JavaThread "Unconstrained build operations Thread 31"        [_thread_blocked, id=26360, stack(0x000000ce14200000,0x000000ce14300000) (1024K)]
  0x000002113768b060 JavaThread "Unconstrained build operations Thread 32"        [_thread_blocked, id=27252, stack(0x000000ce14d00000,0x000000ce14e00000) (1024K)]
  0x000002113768e390 JavaThread "Unconstrained build operations Thread 33"        [_thread_blocked, id=27668, stack(0x000000ce16300000,0x000000ce16400000) (1024K)]
  0x000002113768c650 JavaThread "Unconstrained build operations Thread 34"        [_thread_blocked, id=9716, stack(0x000000ce16400000,0x000000ce16500000) (1024K)]
  0x000002113768dc40 JavaThread "build event listener"              [_thread_blocked, id=10384, stack(0x000000ce16500000,0x000000ce16600000) (1024K)]
  0x000002113768bf00 JavaThread "Kotlin DSL Writer"                 [_thread_blocked, id=10896, stack(0x000000ce16700000,0x000000ce16800000) (1024K)]
  0x0000021137690f70 JavaThread "Unconstrained build operations Thread 35"        [_thread_blocked, id=4804, stack(0x000000ce16900000,0x000000ce16a00000) (1024K)]
  0x00000211376900d0 JavaThread "Unconstrained build operations Thread 36"        [_thread_blocked, id=21416, stack(0x000000ce16a00000,0x000000ce16b00000) (1024K)]
  0x0000021137691e10 JavaThread "Unconstrained build operations Thread 37"        [_thread_blocked, id=16448, stack(0x000000ce16b00000,0x000000ce16c00000) (1024K)]
  0x0000021148055be0 JavaThread "Unconstrained build operations Thread 38"        [_thread_blocked, id=28308, stack(0x000000ce16c00000,0x000000ce16d00000) (1024K)]
  0x0000021148056330 JavaThread "Unconstrained build operations Thread 39"        [_thread_blocked, id=27760, stack(0x000000ce16d00000,0x000000ce16e00000) (1024K)]
  0x0000021148053000 JavaThread "Unconstrained build operations Thread 40"        [_thread_blocked, id=21328, stack(0x000000ce16e00000,0x000000ce16f00000) (1024K)]
  0x0000021148053750 JavaThread "Unconstrained build operations Thread 41"        [_thread_blocked, id=28264, stack(0x000000ce16f00000,0x000000ce17000000) (1024K)]
  0x00000211480571d0 JavaThread "Unconstrained build operations Thread 42"        [_thread_blocked, id=7696, stack(0x000000ce17000000,0x000000ce17100000) (1024K)]
  0x0000021148053ea0 JavaThread "Unconstrained build operations Thread 43"        [_thread_blocked, id=22568, stack(0x000000ce17100000,0x000000ce17200000) (1024K)]
  0x0000021148056a80 JavaThread "Unconstrained build operations Thread 44"        [_thread_blocked, id=18056, stack(0x000000ce17200000,0x000000ce17300000) (1024K)]
  0x0000021148057920 JavaThread "Unconstrained build operations Thread 45"        [_thread_blocked, id=25020, stack(0x000000ce17300000,0x000000ce17400000) (1024K)]
  0x0000021148054d40 JavaThread "Unconstrained build operations Thread 46"        [_thread_blocked, id=26504, stack(0x000000ce17400000,0x000000ce17500000) (1024K)]
  0x0000021148055490 JavaThread "Unconstrained build operations Thread 47"        [_thread_blocked, id=11548, stack(0x000000ce17500000,0x000000ce17600000) (1024K)]
  0x00000211480545f0 JavaThread "Unconstrained build operations Thread 48"        [_thread_blocked, id=15024, stack(0x000000ce17600000,0x000000ce17700000) (1024K)]
  0x000002114805a500 JavaThread "Unconstrained build operations Thread 49"        [_thread_blocked, id=22416, stack(0x000000ce17700000,0x000000ce17800000) (1024K)]
  0x0000021148058070 JavaThread "Unconstrained build operations Thread 50"        [_thread_blocked, id=19896, stack(0x000000ce17800000,0x000000ce17900000) (1024K)]
  0x0000021148058f10 JavaThread "Unconstrained build operations Thread 51"        [_thread_blocked, id=28544, stack(0x000000ce17900000,0x000000ce17a00000) (1024K)]
  0x00000211480587c0 JavaThread "Unconstrained build operations Thread 52"        [_thread_blocked, id=23792, stack(0x000000ce17a00000,0x000000ce17b00000) (1024K)]
  0x0000021148059660 JavaThread "Unconstrained build operations Thread 53"        [_thread_blocked, id=21660, stack(0x000000ce17b00000,0x000000ce17c00000) (1024K)]
  0x0000021148059db0 JavaThread "Unconstrained build operations Thread 54"        [_thread_blocked, id=26028, stack(0x000000ce17c00000,0x000000ce17d00000) (1024K)]
  0x0000021148566b20 JavaThread "Unconstrained build operations Thread 55"        [_thread_blocked, id=8832, stack(0x000000ce17d00000,0x000000ce17e00000) (1024K)]
  0x0000021134512880 JavaThread "C2 CompilerThread1"         daemon [_thread_blocked, id=18212, stack(0x000000ce16600000,0x000000ce16700000) (1024K)]
Total: 103

Other Threads:
  0x000002117ef89e40 VMThread "VM Thread"                           [id=7832, stack(0x000000ce11100000,0x000000ce11200000) (1024K)]
  0x000002117ef818c0 WatcherThread "VM Periodic Task Thread"        [id=9312, stack(0x000000ce11000000,0x000000ce11100000) (1024K)]
  0x000002117502cb10 WorkerThread "GC Thread#0"                     [id=18052, stack(0x000000ce10b00000,0x000000ce10c00000) (1024K)]
  0x000002113367a350 WorkerThread "GC Thread#1"                     [id=22936, stack(0x000000ce11c00000,0x000000ce11d00000) (1024K)]
  0x000002113367a700 WorkerThread "GC Thread#2"                     [id=152, stack(0x000000ce11d00000,0x000000ce11e00000) (1024K)]
  0x000002113367aab0 WorkerThread "GC Thread#3"                     [id=15252, stack(0x000000ce11e00000,0x000000ce11f00000) (1024K)]
  0x000002113367d400 WorkerThread "GC Thread#4"                     [id=14416, stack(0x000000ce11f00000,0x000000ce12000000) (1024K)]
  0x000002113367d7b0 WorkerThread "GC Thread#5"                     [id=27792, stack(0x000000ce12000000,0x000000ce12100000) (1024K)]
  0x00000211335c3fc0 WorkerThread "GC Thread#6"                     [id=22844, stack(0x000000ce12100000,0x000000ce12200000) (1024K)]
  0x00000211335c7700 WorkerThread "GC Thread#7"                     [id=16500, stack(0x000000ce12200000,0x000000ce12300000) (1024K)]
  0x0000021175041a70 ConcurrentGCThread "G1 Main Marker"            [id=20268, stack(0x000000ce10c00000,0x000000ce10d00000) (1024K)]
  0x00000211750449e0 WorkerThread "G1 Conc#0"                       [id=10816, stack(0x000000ce10d00000,0x000000ce10e00000) (1024K)]
  0x0000021134d32ce0 WorkerThread "G1 Conc#1"                       [id=28452, stack(0x000000ce13100000,0x000000ce13200000) (1024K)]
  0x000002117ef22b90 ConcurrentGCThread "G1 Refine#0"               [id=28468, stack(0x000000ce10e00000,0x000000ce10f00000) (1024K)]
  0x000002117ef23fe0 ConcurrentGCThread "G1 Service"                [id=10252, stack(0x000000ce10f00000,0x000000ce11000000) (1024K)]
Total: 15

Threads with active compile tasks:
C2 CompilerThread0  152375 26011       4       org.gradle.internal.reflect.ClassInspector::inspectClass (179 bytes)
Total: 1

VM state: not at safepoint (normal execution)

VM Mutex/Monitor currently owned by a thread: None

Heap address: 0x0000000080000000, size: 2048 MB, Compressed Oops mode: 32-bit

CDS archive(s) mapped at: [0x0000021113000000-0x0000021113d40000-0x0000021113d40000), size 13893632, SharedBaseAddress: 0x0000021113000000, ArchiveRelocationMode: 1.
Compressed class space mapped at: 0x0000021114000000-0x000002112e000000, reserved size: 436207616
UseCompressedClassPointers 1, UseCompactObjectHeaders 0
Narrow klass pointer bits 32, Max shift 3
Narrow klass base: 0x0000021113000000, Narrow klass shift: 0
Encoding Range: [0x0000021113000000 - 0x0000021213000000), (4294967296 bytes)
Klass Range:    [0x0000021113000000 - 0x000002112e000000), (452984832 bytes)
Klass ID Range:  [8 - 452984825) (452984817)

GC Precious Log:
 CardTable entry size: 512
 Card Set container configuration: InlinePtr #cards 5 size 8 Array Of Cards #cards 10 size 36 Howl #buckets 4 coarsen threshold 1843 Howl Bitmap #cards 512 size 80 coarsen threshold 460 Card regions per heap region 1 cards per card region 2048
 CPUs: 8 total, 8 available
 Memory: 24243M
 Large Page Support: Disabled
 NUMA Support: Disabled
 Compressed Oops: Enabled (32-bit)
 Heap Region Size: 1M
 Heap Min Capacity: 8M
 Heap Initial Capacity: 380M
 Heap Max Capacity: 2G
 Pre-touch: Disabled
 Parallel Workers: 8
 Concurrent Workers: 2
 Concurrent Refinement Workers: 8
 Periodic GC: Disabled

Heap:
 garbage-first heap   total reserved 2097152K, committed 321536K, used 267760K [0x0000000080000000, 0x0000000100000000)
  region size 1024K, 84 young (86016K), 13 survivors (13312K)
 Metaspace       used 156225K, committed 159040K, reserved 622592K
  class space    used 16636K, committed 17920K, reserved 425984K

Heap Regions: E=young(eden), S=young(survivor), O=old, HS=humongous(starts), HC=humongous(continues), CS=collection set, F=free, TAMS=top-at-mark-start, PB=parsable bottom
|   0|0x0000000080000000, 0x0000000080100000, 0x0000000080100000|100%|HS|  |TAMS 0x0000000080000000| PB 0x0000000080000000| Complete |  0
|   1|0x0000000080100000, 0x0000000080200000, 0x0000000080200000|100%|HC|  |TAMS 0x0000000080100000| PB 0x0000000080100000| Complete |  0
|   2|0x0000000080200000, 0x0000000080300000, 0x0000000080300000|100%|HC|  |TAMS 0x0000000080200000| PB 0x0000000080200000| Complete |  0
|   3|0x0000000080300000, 0x00000000803dbbd0, 0x0000000080400000| 85%| O|  |TAMS 0x0000000080300000| PB 0x0000000080300000| Untracked |  0
|   4|0x0000000080400000, 0x0000000080500000, 0x0000000080500000|100%|HS|  |TAMS 0x0000000080400000| PB 0x0000000080400000| Complete |  0
|   5|0x0000000080500000, 0x0000000080600000, 0x0000000080600000|100%| O|  |TAMS 0x0000000080500000| PB 0x0000000080500000| Untracked |  0
|   6|0x0000000080600000, 0x0000000080700000, 0x0000000080700000|100%| O|  |TAMS 0x0000000080600000| PB 0x0000000080600000| Untracked |  0
|   7|0x0000000080700000, 0x0000000080800000, 0x0000000080800000|100%| O|  |TAMS 0x0000000080700000| PB 0x0000000080700000| Untracked |  0
|   8|0x0000000080800000, 0x0000000080900000, 0x0000000080900000|100%| O|  |TAMS 0x0000000080800000| PB 0x0000000080800000| Untracked |  0
|   9|0x0000000080900000, 0x0000000080a00000, 0x0000000080a00000|100%| O|  |TAMS 0x0000000080900000| PB 0x0000000080900000| Untracked |  0
|  10|0x0000000080a00000, 0x0000000080b00000, 0x0000000080b00000|100%| O|  |TAMS 0x0000000080a00000| PB 0x0000000080a00000| Untracked |  0
|  11|0x0000000080b00000, 0x0000000080c00000, 0x0000000080c00000|100%| O|  |TAMS 0x0000000080b00000| PB 0x0000000080b00000| Untracked |  0
|  12|0x0000000080c00000, 0x0000000080d00000, 0x0000000080d00000|100%| O|  |TAMS 0x0000000080c00000| PB 0x0000000080c00000| Untracked |  0
|  13|0x0000000080d00000, 0x0000000080e00000, 0x0000000080e00000|100%| O|  |TAMS 0x0000000080d00000| PB 0x0000000080d00000| Untracked |  0
|  14|0x0000000080e00000, 0x0000000080f00000, 0x0000000080f00000|100%| O|  |TAMS 0x0000000080e00000| PB 0x0000000080e00000| Untracked |  0
|  15|0x0000000080f00000, 0x0000000081000000, 0x0000000081000000|100%| O|  |TAMS 0x0000000080f00000| PB 0x0000000080f00000| Untracked |  0
|  16|0x0000000081000000, 0x0000000081100000, 0x0000000081100000|100%| O|  |TAMS 0x0000000081000000| PB 0x0000000081000000| Untracked |  0
|  17|0x0000000081100000, 0x0000000081200000, 0x0000000081200000|100%| O|  |TAMS 0x0000000081100000| PB 0x0000000081100000| Untracked |  0
|  18|0x0000000081200000, 0x0000000081300000, 0x0000000081300000|100%| O|  |TAMS 0x0000000081200000| PB 0x0000000081200000| Untracked |  0
|  19|0x0000000081300000, 0x0000000081400000, 0x0000000081400000|100%| O|  |TAMS 0x0000000081300000| PB 0x0000000081300000| Untracked |  0
|  20|0x0000000081400000, 0x0000000081500000, 0x0000000081500000|100%| O|  |TAMS 0x0000000081400000| PB 0x0000000081400000| Untracked |  0
|  21|0x0000000081500000, 0x0000000081600000, 0x0000000081600000|100%| O|  |TAMS 0x0000000081500000| PB 0x0000000081500000| Untracked |  0
|  22|0x0000000081600000, 0x0000000081700000, 0x0000000081700000|100%| O|  |TAMS 0x0000000081600000| PB 0x0000000081600000| Untracked |  0
|  23|0x0000000081700000, 0x0000000081800000, 0x0000000081800000|100%| O|  |TAMS 0x0000000081700000| PB 0x0000000081700000| Untracked |  0
|  24|0x0000000081800000, 0x0000000081900000, 0x0000000081900000|100%| O|  |TAMS 0x0000000081800000| PB 0x0000000081800000| Untracked |  0
|  25|0x0000000081900000, 0x0000000081a00000, 0x0000000081a00000|100%| O|  |TAMS 0x0000000081900000| PB 0x0000000081900000| Untracked |  0
|  26|0x0000000081a00000, 0x0000000081b00000, 0x0000000081b00000|100%| O|  |TAMS 0x0000000081a00000| PB 0x0000000081a00000| Untracked |  0
|  27|0x0000000081b00000, 0x0000000081c00000, 0x0000000081c00000|100%| O|  |TAMS 0x0000000081b00000| PB 0x0000000081b00000| Untracked |  0
|  28|0x0000000081c00000, 0x0000000081d00000, 0x0000000081d00000|100%| O|  |TAMS 0x0000000081c00000| PB 0x0000000081c00000| Untracked |  0
|  29|0x0000000081d00000, 0x0000000081e00000, 0x0000000081e00000|100%| O|  |TAMS 0x0000000081d00000| PB 0x0000000081d00000| Untracked |  0
|  30|0x0000000081e00000, 0x0000000081f00000, 0x0000000081f00000|100%| O|  |TAMS 0x0000000081e00000| PB 0x0000000081e00000| Untracked |  0
|  31|0x0000000081f00000, 0x0000000082000000, 0x0000000082000000|100%| O|  |TAMS 0x0000000081f00000| PB 0x0000000081f00000| Untracked |  0
|  32|0x0000000082000000, 0x0000000082100000, 0x0000000082100000|100%| O|  |TAMS 0x0000000082000000| PB 0x0000000082000000| Untracked |  0
|  33|0x0000000082100000, 0x0000000082200000, 0x0000000082200000|100%| O|  |TAMS 0x0000000082100000| PB 0x0000000082100000| Untracked |  0
|  34|0x0000000082200000, 0x0000000082300000, 0x0000000082300000|100%| O|  |TAMS 0x0000000082200000| PB 0x0000000082200000| Untracked |  0
|  35|0x0000000082300000, 0x0000000082400000, 0x0000000082400000|100%| O|  |TAMS 0x0000000082300000| PB 0x0000000082300000| Untracked |  0
|  36|0x0000000082400000, 0x0000000082500000, 0x0000000082500000|100%|HS|  |TAMS 0x0000000082400000| PB 0x0000000082400000| Complete |  0
|  37|0x0000000082500000, 0x0000000082600000, 0x0000000082600000|100%| O|  |TAMS 0x0000000082500000| PB 0x0000000082500000| Untracked |  0
|  38|0x0000000082600000, 0x0000000082700000, 0x0000000082700000|100%| O|  |TAMS 0x0000000082600000| PB 0x0000000082600000| Untracked |  0
|  39|0x0000000082700000, 0x0000000082800000, 0x0000000082800000|100%| O|  |TAMS 0x0000000082700000| PB 0x0000000082700000| Untracked |  0
|  40|0x0000000082800000, 0x0000000082900000, 0x0000000082900000|100%| O|  |TAMS 0x0000000082800000| PB 0x0000000082800000| Untracked |  0
|  41|0x0000000082900000, 0x0000000082a00000, 0x0000000082a00000|100%| O|  |TAMS 0x0000000082900000| PB 0x0000000082900000| Untracked |  0
|  42|0x0000000082a00000, 0x0000000082b00000, 0x0000000082b00000|100%| O|  |TAMS 0x0000000082a00000| PB 0x0000000082a00000| Untracked |  0
|  43|0x0000000082b00000, 0x0000000082c00000, 0x0000000082c00000|100%| O|  |TAMS 0x0000000082b00000| PB 0x0000000082b00000| Untracked |  0
|  44|0x0000000082c00000, 0x0000000082d00000, 0x0000000082d00000|100%| O|  |TAMS 0x0000000082c00000| PB 0x0000000082c00000| Untracked |  0
|  45|0x0000000082d00000, 0x0000000082e00000, 0x0000000082e00000|100%| O|  |TAMS 0x0000000082d00000| PB 0x0000000082d00000| Untracked |  0
|  46|0x0000000082e00000, 0x0000000082f00000, 0x0000000082f00000|100%| O|  |TAMS 0x0000000082e00000| PB 0x0000000082e00000| Untracked |  0
|  47|0x0000000082f00000, 0x0000000083000000, 0x0000000083000000|100%| O|  |TAMS 0x0000000082f00000| PB 0x0000000082f00000| Untracked |  0
|  48|0x0000000083000000, 0x0000000083100000, 0x0000000083100000|100%| O|  |TAMS 0x0000000083000000| PB 0x0000000083000000| Untracked |  0
|  49|0x0000000083100000, 0x0000000083200000, 0x0000000083200000|100%| O|  |TAMS 0x0000000083100000| PB 0x0000000083100000| Untracked |  0
|  50|0x0000000083200000, 0x0000000083300000, 0x0000000083300000|100%| O|  |TAMS 0x0000000083200000| PB 0x0000000083200000| Untracked |  0
|  51|0x0000000083300000, 0x0000000083400000, 0x0000000083400000|100%| O|  |TAMS 0x0000000083300000| PB 0x0000000083300000| Untracked |  0
|  52|0x0000000083400000, 0x0000000083500000, 0x0000000083500000|100%| O|  |TAMS 0x0000000083400000| PB 0x0000000083400000| Untracked |  0
|  53|0x0000000083500000, 0x0000000083600000, 0x0000000083600000|100%| O|  |TAMS 0x0000000083500000| PB 0x0000000083500000| Untracked |  0
|  54|0x0000000083600000, 0x0000000083700000, 0x0000000083700000|100%| O|  |TAMS 0x0000000083600000| PB 0x0000000083600000| Untracked |  0
|  55|0x0000000083700000, 0x0000000083800000, 0x0000000083800000|100%| O|  |TAMS 0x0000000083700000| PB 0x0000000083700000| Untracked |  0
|  56|0x0000000083800000, 0x0000000083900000, 0x0000000083900000|100%| O|  |TAMS 0x0000000083800000| PB 0x0000000083800000| Untracked |  0
|  57|0x0000000083900000, 0x0000000083a00000, 0x0000000083a00000|100%| O|  |TAMS 0x0000000083900000| PB 0x0000000083900000| Untracked |  0
|  58|0x0000000083a00000, 0x0000000083b00000, 0x0000000083b00000|100%| O|  |TAMS 0x0000000083a00000| PB 0x0000000083a00000| Untracked |  0
|  59|0x0000000083b00000, 0x0000000083c00000, 0x0000000083c00000|100%| O|  |TAMS 0x0000000083b00000| PB 0x0000000083b00000| Untracked |  0
|  60|0x0000000083c00000, 0x0000000083d00000, 0x0000000083d00000|100%| O|  |TAMS 0x0000000083c00000| PB 0x0000000083c00000| Untracked |  0
|  61|0x0000000083d00000, 0x0000000083e00000, 0x0000000083e00000|100%|HS|  |TAMS 0x0000000083d00000| PB 0x0000000083d00000| Complete |  0
|  62|0x0000000083e00000, 0x0000000083f00000, 0x0000000083f00000|100%|HC|  |TAMS 0x0000000083e00000| PB 0x0000000083e00000| Complete |  0
|  63|0x0000000083f00000, 0x0000000084000000, 0x0000000084000000|100%|HC|  |TAMS 0x0000000083f00000| PB 0x0000000083f00000| Complete |  0
|  64|0x0000000084000000, 0x0000000084100000, 0x0000000084100000|100%|HC|  |TAMS 0x0000000084000000| PB 0x0000000084000000| Complete |  0
|  65|0x0000000084100000, 0x0000000084200000, 0x0000000084200000|100%|HC|  |TAMS 0x0000000084100000| PB 0x0000000084100000| Complete |  0
|  66|0x0000000084200000, 0x0000000084300000, 0x0000000084300000|100%|HC|  |TAMS 0x0000000084200000| PB 0x0000000084200000| Complete |  0
|  67|0x0000000084300000, 0x0000000084400000, 0x0000000084400000|100%| O|  |TAMS 0x0000000084300000| PB 0x0000000084300000| Untracked |  0
|  68|0x0000000084400000, 0x0000000084500000, 0x0000000084500000|100%|HS|  |TAMS 0x0000000084400000| PB 0x0000000084400000| Complete |  0
|  69|0x0000000084500000, 0x0000000084600000, 0x0000000084600000|100%|HC|  |TAMS 0x0000000084500000| PB 0x0000000084500000| Complete |  0
|  70|0x0000000084600000, 0x0000000084700000, 0x0000000084700000|100%|HC|  |TAMS 0x0000000084600000| PB 0x0000000084600000| Complete |  0
|  71|0x0000000084700000, 0x0000000084800000, 0x0000000084800000|100%| O|  |TAMS 0x0000000084700000| PB 0x0000000084700000| Untracked |  0
|  72|0x0000000084800000, 0x0000000084900000, 0x0000000084900000|100%| O|  |TAMS 0x0000000084800000| PB 0x0000000084800000| Untracked |  0
|  73|0x0000000084900000, 0x0000000084a00000, 0x0000000084a00000|100%| O|  |TAMS 0x0000000084900000| PB 0x0000000084900000| Untracked |  0
|  74|0x0000000084a00000, 0x0000000084b00000, 0x0000000084b00000|100%| O|  |TAMS 0x0000000084a00000| PB 0x0000000084a00000| Untracked |  0
|  75|0x0000000084b00000, 0x0000000084c00000, 0x0000000084c00000|100%| O|  |TAMS 0x0000000084b00000| PB 0x0000000084b00000| Untracked |  0
|  76|0x0000000084c00000, 0x0000000084d00000, 0x0000000084d00000|100%| O|  |TAMS 0x0000000084c00000| PB 0x0000000084c00000| Untracked |  0
|  77|0x0000000084d00000, 0x0000000084e00000, 0x0000000084e00000|100%| O|  |TAMS 0x0000000084d00000| PB 0x0000000084d00000| Untracked |  0
|  78|0x0000000084e00000, 0x0000000084f00000, 0x0000000084f00000|100%| O|  |TAMS 0x0000000084e00000| PB 0x0000000084e00000| Untracked |  0
|  79|0x0000000084f00000, 0x0000000085000000, 0x0000000085000000|100%| O|  |TAMS 0x0000000084f00000| PB 0x0000000084f00000| Untracked |  0
|  80|0x0000000085000000, 0x0000000085100000, 0x0000000085100000|100%| O|  |TAMS 0x0000000085000000| PB 0x0000000085000000| Untracked |  0
|  81|0x0000000085100000, 0x0000000085200000, 0x0000000085200000|100%| O|  |TAMS 0x0000000085100000| PB 0x0000000085100000| Untracked |  0
|  82|0x0000000085200000, 0x0000000085200000, 0x0000000085300000|  0%| F|  |TAMS 0x0000000085200000| PB 0x0000000085200000| Untracked |  0
|  83|0x0000000085300000, 0x0000000085300000, 0x0000000085400000|  0%| F|  |TAMS 0x0000000085300000| PB 0x0000000085300000| Untracked |  0
|  84|0x0000000085400000, 0x0000000085500000, 0x0000000085500000|100%| O|  |TAMS 0x0000000085400000| PB 0x0000000085400000| Untracked |  0
|  85|0x0000000085500000, 0x0000000085600000, 0x0000000085600000|100%| O|  |TAMS 0x0000000085500000| PB 0x0000000085500000| Untracked |  0
|  86|0x0000000085600000, 0x0000000085700000, 0x0000000085700000|100%| O|  |TAMS 0x0000000085600000| PB 0x0000000085600000| Untracked |  0
|  87|0x0000000085700000, 0x0000000085800000, 0x0000000085800000|100%| O|  |TAMS 0x0000000085700000| PB 0x0000000085700000| Untracked |  0
|  88|0x0000000085800000, 0x0000000085900000, 0x0000000085900000|100%| O|  |TAMS 0x0000000085800000| PB 0x0000000085800000| Untracked |  0
|  89|0x0000000085900000, 0x0000000085a00000, 0x0000000085a00000|100%| O|  |TAMS 0x0000000085900000| PB 0x0000000085900000| Untracked |  0
|  90|0x0000000085a00000, 0x0000000085b00000, 0x0000000085b00000|100%| O|  |TAMS 0x0000000085a00000| PB 0x0000000085a00000| Untracked |  0
|  91|0x0000000085b00000, 0x0000000085c00000, 0x0000000085c00000|100%| O|  |TAMS 0x0000000085b00000| PB 0x0000000085b00000| Untracked |  0
|  92|0x0000000085c00000, 0x0000000085d00000, 0x0000000085d00000|100%| O|  |TAMS 0x0000000085c00000| PB 0x0000000085c00000| Untracked |  0
|  93|0x0000000085d00000, 0x0000000085e00000, 0x0000000085e00000|100%| O|  |TAMS 0x0000000085d00000| PB 0x0000000085d00000| Untracked |  0
|  94|0x0000000085e00000, 0x0000000085f00000, 0x0000000085f00000|100%|HS|  |TAMS 0x0000000085e00000| PB 0x0000000085e00000| Complete |  0
|  95|0x0000000085f00000, 0x0000000086000000, 0x0000000086000000|100%|HC|  |TAMS 0x0000000085f00000| PB 0x0000000085f00000| Complete |  0
|  96|0x0000000086000000, 0x0000000086100000, 0x0000000086100000|100%|HC|  |TAMS 0x0000000086000000| PB 0x0000000086000000| Complete |  0
|  97|0x0000000086100000, 0x0000000086200000, 0x0000000086200000|100%| O|  |TAMS 0x0000000086100000| PB 0x0000000086100000| Untracked |  0
|  98|0x0000000086200000, 0x0000000086300000, 0x0000000086300000|100%| O|  |TAMS 0x0000000086200000| PB 0x0000000086200000| Untracked |  0
|  99|0x0000000086300000, 0x0000000086400000, 0x0000000086400000|100%| O|  |TAMS 0x0000000086300000| PB 0x0000000086300000| Untracked |  0
| 100|0x0000000086400000, 0x0000000086500000, 0x0000000086500000|100%| O|  |TAMS 0x0000000086400000| PB 0x0000000086400000| Untracked |  0
| 101|0x0000000086500000, 0x0000000086600000, 0x0000000086600000|100%| O|  |TAMS 0x0000000086500000| PB 0x0000000086500000| Untracked |  0
| 102|0x0000000086600000, 0x0000000086700000, 0x0000000086700000|100%| O|  |TAMS 0x0000000086600000| PB 0x0000000086600000| Untracked |  0
| 103|0x0000000086700000, 0x0000000086800000, 0x0000000086800000|100%| O|  |TAMS 0x0000000086700000| PB 0x0000000086700000| Untracked |  0
| 104|0x0000000086800000, 0x0000000086900000, 0x0000000086900000|100%| O|  |TAMS 0x0000000086800000| PB 0x0000000086800000| Untracked |  0
| 105|0x0000000086900000, 0x0000000086a00000, 0x0000000086a00000|100%| O|  |TAMS 0x0000000086900000| PB 0x0000000086900000| Untracked |  0
| 106|0x0000000086a00000, 0x0000000086b00000, 0x0000000086b00000|100%| O|  |TAMS 0x0000000086a00000| PB 0x0000000086a00000| Untracked |  0
| 107|0x0000000086b00000, 0x0000000086c00000, 0x0000000086c00000|100%| O|  |TAMS 0x0000000086b00000| PB 0x0000000086b00000| Untracked |  0
| 108|0x0000000086c00000, 0x0000000086d00000, 0x0000000086d00000|100%| O|  |TAMS 0x0000000086c00000| PB 0x0000000086c00000| Untracked |  0
| 109|0x0000000086d00000, 0x0000000086e00000, 0x0000000086e00000|100%| O|  |TAMS 0x0000000086d00000| PB 0x0000000086d00000| Untracked |  0
| 110|0x0000000086e00000, 0x0000000086f00000, 0x0000000086f00000|100%| O|  |TAMS 0x0000000086e00000| PB 0x0000000086e00000| Untracked |  0
| 111|0x0000000086f00000, 0x0000000087000000, 0x0000000087000000|100%| O|  |TAMS 0x0000000086f00000| PB 0x0000000086f00000| Untracked |  0
| 112|0x0000000087000000, 0x0000000087100000, 0x0000000087100000|100%| O|  |TAMS 0x0000000087000000| PB 0x0000000087000000| Untracked |  0
| 113|0x0000000087100000, 0x0000000087200000, 0x0000000087200000|100%| O|  |TAMS 0x0000000087100000| PB 0x0000000087100000| Untracked |  0
| 114|0x0000000087200000, 0x0000000087300000, 0x0000000087300000|100%| O|  |TAMS 0x0000000087200000| PB 0x0000000087200000| Untracked |  0
| 115|0x0000000087300000, 0x0000000087400000, 0x0000000087400000|100%| O|  |TAMS 0x0000000087300000| PB 0x0000000087300000| Untracked |  0
| 116|0x0000000087400000, 0x0000000087500000, 0x0000000087500000|100%| O|  |TAMS 0x0000000087400000| PB 0x0000000087400000| Untracked |  0
| 117|0x0000000087500000, 0x0000000087500000, 0x0000000087600000|  0%| F|  |TAMS 0x0000000087500000| PB 0x0000000087500000| Untracked |  0
| 118|0x0000000087600000, 0x0000000087600000, 0x0000000087700000|  0%| F|  |TAMS 0x0000000087600000| PB 0x0000000087600000| Untracked |  0
| 119|0x0000000087700000, 0x0000000087700000, 0x0000000087800000|  0%| F|  |TAMS 0x0000000087700000| PB 0x0000000087700000| Untracked |  0
| 120|0x0000000087800000, 0x0000000087900000, 0x0000000087900000|100%| O|  |TAMS 0x0000000087800000| PB 0x0000000087800000| Untracked |  0
| 121|0x0000000087900000, 0x0000000087900000, 0x0000000087a00000|  0%| F|  |TAMS 0x0000000087900000| PB 0x0000000087900000| Untracked |  0
| 122|0x0000000087a00000, 0x0000000087a00000, 0x0000000087b00000|  0%| F|  |TAMS 0x0000000087a00000| PB 0x0000000087a00000| Untracked |  0
| 123|0x0000000087b00000, 0x0000000087c00000, 0x0000000087c00000|100%| O|  |TAMS 0x0000000087b00000| PB 0x0000000087b00000| Untracked |  0
| 124|0x0000000087c00000, 0x0000000087c00000, 0x0000000087d00000|  0%| F|  |TAMS 0x0000000087c00000| PB 0x0000000087c00000| Untracked |  0
| 125|0x0000000087d00000, 0x0000000087d00000, 0x0000000087e00000|  0%| F|  |TAMS 0x0000000087d00000| PB 0x0000000087d00000| Untracked |  0
| 126|0x0000000087e00000, 0x0000000087f00000, 0x0000000087f00000|100%|HS|  |TAMS 0x0000000087e00000| PB 0x0000000087e00000| Complete |  0
| 127|0x0000000087f00000, 0x0000000088000000, 0x0000000088000000|100%| O|  |TAMS 0x0000000087f00000| PB 0x0000000087f00000| Untracked |  0
| 128|0x0000000088000000, 0x0000000088000000, 0x0000000088100000|  0%| F|  |TAMS 0x0000000088000000| PB 0x0000000088000000| Untracked |  0
| 129|0x0000000088100000, 0x0000000088200000, 0x0000000088200000|100%| O|  |TAMS 0x0000000088100000| PB 0x0000000088100000| Untracked |  0
| 130|0x0000000088200000, 0x0000000088300000, 0x0000000088300000|100%| O|  |TAMS 0x0000000088200000| PB 0x0000000088200000| Untracked |  0
| 131|0x0000000088300000, 0x0000000088400000, 0x0000000088400000|100%| O|  |TAMS 0x0000000088300000| PB 0x0000000088300000| Untracked |  0
| 132|0x0000000088400000, 0x0000000088500000, 0x0000000088500000|100%| O|  |TAMS 0x0000000088400000| PB 0x0000000088400000| Untracked |  0
| 133|0x0000000088500000, 0x0000000088500000, 0x0000000088600000|  0%| F|  |TAMS 0x0000000088500000| PB 0x0000000088500000| Untracked |  0
| 134|0x0000000088600000, 0x0000000088700000, 0x0000000088700000|100%| O|  |TAMS 0x0000000088600000| PB 0x0000000088600000| Untracked |  0
| 135|0x0000000088700000, 0x0000000088800000, 0x0000000088800000|100%| O|  |TAMS 0x0000000088700000| PB 0x0000000088700000| Untracked |  0
| 136|0x0000000088800000, 0x0000000088800000, 0x0000000088900000|  0%| F|  |TAMS 0x0000000088800000| PB 0x0000000088800000| Untracked |  0
| 137|0x0000000088900000, 0x0000000088a00000, 0x0000000088a00000|100%| O|  |TAMS 0x0000000088900000| PB 0x0000000088900000| Untracked |  0
| 138|0x0000000088a00000, 0x0000000088b00000, 0x0000000088b00000|100%| O|  |TAMS 0x0000000088a00000| PB 0x0000000088a00000| Untracked |  0
| 139|0x0000000088b00000, 0x0000000088c00000, 0x0000000088c00000|100%| O|  |TAMS 0x0000000088b00000| PB 0x0000000088b00000| Untracked |  0
| 140|0x0000000088c00000, 0x0000000088d00000, 0x0000000088d00000|100%| O|  |TAMS 0x0000000088c00000| PB 0x0000000088c00000| Untracked |  0
| 141|0x0000000088d00000, 0x0000000088e00000, 0x0000000088e00000|100%| O|  |TAMS 0x0000000088d00000| PB 0x0000000088d00000| Untracked |  0
| 142|0x0000000088e00000, 0x0000000088f00000, 0x0000000088f00000|100%| O|  |TAMS 0x0000000088e00000| PB 0x0000000088e00000| Untracked |  0
| 143|0x0000000088f00000, 0x0000000089000000, 0x0000000089000000|100%| O|  |TAMS 0x0000000088f00000| PB 0x0000000088f00000| Untracked |  0
| 144|0x0000000089000000, 0x0000000089100000, 0x0000000089100000|100%| O|  |TAMS 0x0000000089000000| PB 0x0000000089000000| Untracked |  0
| 145|0x0000000089100000, 0x0000000089200000, 0x0000000089200000|100%| O|  |TAMS 0x0000000089100000| PB 0x0000000089100000| Untracked |  0
| 146|0x0000000089200000, 0x0000000089300000, 0x0000000089300000|100%| O|  |TAMS 0x0000000089200000| PB 0x0000000089200000| Untracked |  0
| 147|0x0000000089300000, 0x0000000089400000, 0x0000000089400000|100%| O|  |TAMS 0x0000000089300000| PB 0x0000000089300000| Untracked |  0
| 148|0x0000000089400000, 0x0000000089500000, 0x0000000089500000|100%| O|  |TAMS 0x0000000089400000| PB 0x0000000089400000| Untracked |  0
| 149|0x0000000089500000, 0x0000000089600000, 0x0000000089600000|100%| O|  |TAMS 0x0000000089500000| PB 0x0000000089500000| Untracked |  0
| 150|0x0000000089600000, 0x0000000089700000, 0x0000000089700000|100%| O|  |TAMS 0x0000000089600000| PB 0x0000000089600000| Untracked |  0
| 151|0x0000000089700000, 0x0000000089800000, 0x0000000089800000|100%| O|  |TAMS 0x0000000089700000| PB 0x0000000089700000| Untracked |  0
| 152|0x0000000089800000, 0x0000000089900000, 0x0000000089900000|100%| O|  |TAMS 0x0000000089800000| PB 0x0000000089800000| Untracked |  0
| 153|0x0000000089900000, 0x0000000089a00000, 0x0000000089a00000|100%| O|  |TAMS 0x0000000089900000| PB 0x0000000089900000| Untracked |  0
| 154|0x0000000089a00000, 0x0000000089b00000, 0x0000000089b00000|100%| O|  |TAMS 0x0000000089a00000| PB 0x0000000089a00000| Untracked |  0
| 155|0x0000000089b00000, 0x0000000089c00000, 0x0000000089c00000|100%| O|  |TAMS 0x0000000089b00000| PB 0x0000000089b00000| Untracked |  0
| 156|0x0000000089c00000, 0x0000000089d00000, 0x0000000089d00000|100%| O|  |TAMS 0x0000000089c00000| PB 0x0000000089c00000| Untracked |  0
| 157|0x0000000089d00000, 0x0000000089e00000, 0x0000000089e00000|100%| O|  |TAMS 0x0000000089d00000| PB 0x0000000089d00000| Untracked |  0
| 158|0x0000000089e00000, 0x0000000089f00000, 0x0000000089f00000|100%| O|  |TAMS 0x0000000089e00000| PB 0x0000000089e00000| Untracked |  0
| 159|0x0000000089f00000, 0x000000008a000000, 0x000000008a000000|100%| O|  |TAMS 0x0000000089f00000| PB 0x0000000089f00000| Untracked |  0
| 160|0x000000008a000000, 0x000000008a000000, 0x000000008a100000|  0%| F|  |TAMS 0x000000008a000000| PB 0x000000008a000000| Untracked |  0
| 161|0x000000008a100000, 0x000000008a200000, 0x000000008a200000|100%| O|  |TAMS 0x000000008a100000| PB 0x000000008a100000| Untracked |  0
| 162|0x000000008a200000, 0x000000008a200000, 0x000000008a300000|  0%| F|  |TAMS 0x000000008a200000| PB 0x000000008a200000| Untracked |  0
| 163|0x000000008a300000, 0x000000008a300000, 0x000000008a400000|  0%| F|  |TAMS 0x000000008a300000| PB 0x000000008a300000| Untracked |  0
| 164|0x000000008a400000, 0x000000008a400000, 0x000000008a500000|  0%| F|  |TAMS 0x000000008a400000| PB 0x000000008a400000| Untracked |  0
| 165|0x000000008a500000, 0x000000008a500000, 0x000000008a600000|  0%| F|  |TAMS 0x000000008a500000| PB 0x000000008a500000| Untracked |  0
| 166|0x000000008a600000, 0x000000008a700000, 0x000000008a700000|100%| O|  |TAMS 0x000000008a600000| PB 0x000000008a600000| Untracked |  0
| 167|0x000000008a700000, 0x000000008a800000, 0x000000008a800000|100%| O|  |TAMS 0x000000008a700000| PB 0x000000008a700000| Untracked |  0
| 168|0x000000008a800000, 0x000000008a900000, 0x000000008a900000|100%| O|  |TAMS 0x000000008a800000| PB 0x000000008a800000| Untracked |  0
| 169|0x000000008a900000, 0x000000008a9a0780, 0x000000008aa00000| 62%| O|  |TAMS 0x000000008a900000| PB 0x000000008a900000| Untracked |  0
| 170|0x000000008aa00000, 0x000000008aa00000, 0x000000008ab00000|  0%| F|  |TAMS 0x000000008aa00000| PB 0x000000008aa00000| Untracked |  0
| 171|0x000000008ab00000, 0x000000008ab00000, 0x000000008ac00000|  0%| F|  |TAMS 0x000000008ab00000| PB 0x000000008ab00000| Untracked |  0
| 172|0x000000008ac00000, 0x000000008ac00000, 0x000000008ad00000|  0%| F|  |TAMS 0x000000008ac00000| PB 0x000000008ac00000| Untracked |  0
| 173|0x000000008ad00000, 0x000000008ad00000, 0x000000008ae00000|  0%| F|  |TAMS 0x000000008ad00000| PB 0x000000008ad00000| Untracked |  0
| 174|0x000000008ae00000, 0x000000008af00000, 0x000000008af00000|100%| O|  |TAMS 0x000000008ae00000| PB 0x000000008ae00000| Untracked |  0
| 175|0x000000008af00000, 0x000000008af00000, 0x000000008b000000|  0%| F|  |TAMS 0x000000008af00000| PB 0x000000008af00000| Untracked |  0
| 176|0x000000008b000000, 0x000000008b000000, 0x000000008b100000|  0%| F|  |TAMS 0x000000008b000000| PB 0x000000008b000000| Untracked |  0
| 177|0x000000008b100000, 0x000000008b200000, 0x000000008b200000|100%| S|CS|TAMS 0x000000008b100000| PB 0x000000008b100000| Complete |  0
| 178|0x000000008b200000, 0x000000008b300000, 0x000000008b300000|100%| S|CS|TAMS 0x000000008b200000| PB 0x000000008b200000| Complete |  0
| 179|0x000000008b300000, 0x000000008b400000, 0x000000008b400000|100%| S|CS|TAMS 0x000000008b300000| PB 0x000000008b300000| Complete |  0
| 180|0x000000008b400000, 0x000000008b500000, 0x000000008b500000|100%| S|CS|TAMS 0x000000008b400000| PB 0x000000008b400000| Complete |  0
| 181|0x000000008b500000, 0x000000008b600000, 0x000000008b600000|100%| S|CS|TAMS 0x000000008b500000| PB 0x000000008b500000| Complete |  0
| 182|0x000000008b600000, 0x000000008b700000, 0x000000008b700000|100%| S|CS|TAMS 0x000000008b600000| PB 0x000000008b600000| Complete |  0
| 183|0x000000008b700000, 0x000000008b800000, 0x000000008b800000|100%| S|CS|TAMS 0x000000008b700000| PB 0x000000008b700000| Complete |  0
| 184|0x000000008b800000, 0x000000008b900000, 0x000000008b900000|100%| S|CS|TAMS 0x000000008b800000| PB 0x000000008b800000| Complete |  0
| 185|0x000000008b900000, 0x000000008ba00000, 0x000000008ba00000|100%| S|CS|TAMS 0x000000008b900000| PB 0x000000008b900000| Complete |  0
| 186|0x000000008ba00000, 0x000000008bb00000, 0x000000008bb00000|100%| S|CS|TAMS 0x000000008ba00000| PB 0x000000008ba00000| Complete |  0
| 187|0x000000008bb00000, 0x000000008bc00000, 0x000000008bc00000|100%| S|CS|TAMS 0x000000008bb00000| PB 0x000000008bb00000| Complete |  0
| 188|0x000000008bc00000, 0x000000008bd00000, 0x000000008bd00000|100%| S|CS|TAMS 0x000000008bc00000| PB 0x000000008bc00000| Complete |  0
| 189|0x000000008bd00000, 0x000000008be00000, 0x000000008be00000|100%| S|CS|TAMS 0x000000008bd00000| PB 0x000000008bd00000| Complete |  0
| 190|0x000000008be00000, 0x000000008be00000, 0x000000008bf00000|  0%| F|  |TAMS 0x000000008be00000| PB 0x000000008be00000| Untracked |  0
| 191|0x000000008bf00000, 0x000000008bf00000, 0x000000008c000000|  0%| F|  |TAMS 0x000000008bf00000| PB 0x000000008bf00000| Untracked |  0
| 192|0x000000008c000000, 0x000000008c000000, 0x000000008c100000|  0%| F|  |TAMS 0x000000008c000000| PB 0x000000008c000000| Untracked |  0
| 193|0x000000008c100000, 0x000000008c100000, 0x000000008c200000|  0%| F|  |TAMS 0x000000008c100000| PB 0x000000008c100000| Untracked |  0
| 194|0x000000008c200000, 0x000000008c200000, 0x000000008c300000|  0%| F|  |TAMS 0x000000008c200000| PB 0x000000008c200000| Untracked |  0
| 195|0x000000008c300000, 0x000000008c300000, 0x000000008c400000|  0%| F|  |TAMS 0x000000008c300000| PB 0x000000008c300000| Untracked |  0
| 196|0x000000008c400000, 0x000000008c400000, 0x000000008c500000|  0%| F|  |TAMS 0x000000008c400000| PB 0x000000008c400000| Untracked |  0
| 197|0x000000008c500000, 0x000000008c500000, 0x000000008c600000|  0%| F|  |TAMS 0x000000008c500000| PB 0x000000008c500000| Untracked |  0
| 198|0x000000008c600000, 0x000000008c600000, 0x000000008c700000|  0%| F|  |TAMS 0x000000008c600000| PB 0x000000008c600000| Untracked |  0
| 199|0x000000008c700000, 0x000000008c700000, 0x000000008c800000|  0%| F|  |TAMS 0x000000008c700000| PB 0x000000008c700000| Untracked |  0
| 200|0x000000008c800000, 0x000000008c800000, 0x000000008c900000|  0%| F|  |TAMS 0x000000008c800000| PB 0x000000008c800000| Untracked |  0
| 201|0x000000008c900000, 0x000000008c900000, 0x000000008ca00000|  0%| F|  |TAMS 0x000000008c900000| PB 0x000000008c900000| Untracked |  0
| 202|0x000000008ca00000, 0x000000008ca00000, 0x000000008cb00000|  0%| F|  |TAMS 0x000000008ca00000| PB 0x000000008ca00000| Untracked |  0
| 203|0x000000008cb00000, 0x000000008cb00000, 0x000000008cc00000|  0%| F|  |TAMS 0x000000008cb00000| PB 0x000000008cb00000| Untracked |  0
| 204|0x000000008cc00000, 0x000000008cc00000, 0x000000008cd00000|  0%| F|  |TAMS 0x000000008cc00000| PB 0x000000008cc00000| Untracked |  0
| 205|0x000000008cd00000, 0x000000008cd00000, 0x000000008ce00000|  0%| F|  |TAMS 0x000000008cd00000| PB 0x000000008cd00000| Untracked |  0
| 206|0x000000008ce00000, 0x000000008ce00000, 0x000000008cf00000|  0%| F|  |TAMS 0x000000008ce00000| PB 0x000000008ce00000| Untracked |  0
| 207|0x000000008cf00000, 0x000000008cf00000, 0x000000008d000000|  0%| F|  |TAMS 0x000000008cf00000| PB 0x000000008cf00000| Untracked |  0
| 208|0x000000008d000000, 0x000000008d000000, 0x000000008d100000|  0%| F|  |TAMS 0x000000008d000000| PB 0x000000008d000000| Untracked |  0
| 209|0x000000008d100000, 0x000000008d100000, 0x000000008d200000|  0%| F|  |TAMS 0x000000008d100000| PB 0x000000008d100000| Untracked |  0
| 210|0x000000008d200000, 0x000000008d200000, 0x000000008d300000|  0%| F|  |TAMS 0x000000008d200000| PB 0x000000008d200000| Untracked |  0
| 211|0x000000008d300000, 0x000000008d300000, 0x000000008d400000|  0%| F|  |TAMS 0x000000008d300000| PB 0x000000008d300000| Untracked |  0
| 212|0x000000008d400000, 0x000000008d400000, 0x000000008d500000|  0%| F|  |TAMS 0x000000008d400000| PB 0x000000008d400000| Untracked |  0
| 213|0x000000008d500000, 0x000000008d500000, 0x000000008d600000|  0%| F|  |TAMS 0x000000008d500000| PB 0x000000008d500000| Untracked |  0
| 214|0x000000008d600000, 0x000000008d600000, 0x000000008d700000|  0%| F|  |TAMS 0x000000008d600000| PB 0x000000008d600000| Untracked |  0
| 215|0x000000008d700000, 0x000000008d700000, 0x000000008d800000|  0%| F|  |TAMS 0x000000008d700000| PB 0x000000008d700000| Untracked |  0
| 216|0x000000008d800000, 0x000000008d800000, 0x000000008d900000|  0%| F|  |TAMS 0x000000008d800000| PB 0x000000008d800000| Untracked |  0
| 217|0x000000008d900000, 0x000000008d900000, 0x000000008da00000|  0%| F|  |TAMS 0x000000008d900000| PB 0x000000008d900000| Untracked |  0
| 218|0x000000008da00000, 0x000000008da93ba8, 0x000000008db00000| 57%| E|  |TAMS 0x000000008da00000| PB 0x000000008da00000| Complete |  0
| 219|0x000000008db00000, 0x000000008dc00000, 0x000000008dc00000|100%| E|CS|TAMS 0x000000008db00000| PB 0x000000008db00000| Complete |  0
| 220|0x000000008dc00000, 0x000000008dd00000, 0x000000008dd00000|100%| E|CS|TAMS 0x000000008dc00000| PB 0x000000008dc00000| Complete |  0
| 221|0x000000008dd00000, 0x000000008de00000, 0x000000008de00000|100%| E|CS|TAMS 0x000000008dd00000| PB 0x000000008dd00000| Complete |  0
| 222|0x000000008de00000, 0x000000008df00000, 0x000000008df00000|100%| E|CS|TAMS 0x000000008de00000| PB 0x000000008de00000| Complete |  0
| 223|0x000000008df00000, 0x000000008e000000, 0x000000008e000000|100%| E|CS|TAMS 0x000000008df00000| PB 0x000000008df00000| Complete |  0
| 224|0x000000008e000000, 0x000000008e100000, 0x000000008e100000|100%| E|CS|TAMS 0x000000008e000000| PB 0x000000008e000000| Complete |  0
| 225|0x000000008e100000, 0x000000008e200000, 0x000000008e200000|100%| E|CS|TAMS 0x000000008e100000| PB 0x000000008e100000| Complete |  0
| 226|0x000000008e200000, 0x000000008e300000, 0x000000008e300000|100%| E|CS|TAMS 0x000000008e200000| PB 0x000000008e200000| Complete |  0
| 227|0x000000008e300000, 0x000000008e400000, 0x000000008e400000|100%| E|CS|TAMS 0x000000008e300000| PB 0x000000008e300000| Complete |  0
| 228|0x000000008e400000, 0x000000008e500000, 0x000000008e500000|100%| E|CS|TAMS 0x000000008e400000| PB 0x000000008e400000| Complete |  0
| 229|0x000000008e500000, 0x000000008e600000, 0x000000008e600000|100%| E|CS|TAMS 0x000000008e500000| PB 0x000000008e500000| Complete |  0
| 230|0x000000008e600000, 0x000000008e700000, 0x000000008e700000|100%| E|CS|TAMS 0x000000008e600000| PB 0x000000008e600000| Complete |  0
| 231|0x000000008e700000, 0x000000008e800000, 0x000000008e800000|100%| E|CS|TAMS 0x000000008e700000| PB 0x000000008e700000| Complete |  0
| 232|0x000000008e800000, 0x000000008e900000, 0x000000008e900000|100%| E|CS|TAMS 0x000000008e800000| PB 0x000000008e800000| Complete |  0
| 233|0x000000008e900000, 0x000000008ea00000, 0x000000008ea00000|100%| E|CS|TAMS 0x000000008e900000| PB 0x000000008e900000| Complete |  0
| 234|0x000000008ea00000, 0x000000008eb00000, 0x000000008eb00000|100%| E|CS|TAMS 0x000000008ea00000| PB 0x000000008ea00000| Complete |  0
| 235|0x000000008eb00000, 0x000000008ec00000, 0x000000008ec00000|100%| E|CS|TAMS 0x000000008eb00000| PB 0x000000008eb00000| Complete |  0
| 236|0x000000008ec00000, 0x000000008ed00000, 0x000000008ed00000|100%| E|CS|TAMS 0x000000008ec00000| PB 0x000000008ec00000| Complete |  0
| 237|0x000000008ed00000, 0x000000008ee00000, 0x000000008ee00000|100%| E|CS|TAMS 0x000000008ed00000| PB 0x000000008ed00000| Complete |  0
| 238|0x000000008ee00000, 0x000000008ef00000, 0x000000008ef00000|100%| E|CS|TAMS 0x000000008ee00000| PB 0x000000008ee00000| Complete |  0
| 239|0x000000008ef00000, 0x000000008f000000, 0x000000008f000000|100%| E|CS|TAMS 0x000000008ef00000| PB 0x000000008ef00000| Complete |  0
| 240|0x000000008f000000, 0x000000008f100000, 0x000000008f100000|100%| E|CS|TAMS 0x000000008f000000| PB 0x000000008f000000| Complete |  0
| 241|0x000000008f100000, 0x000000008f200000, 0x000000008f200000|100%| E|CS|TAMS 0x000000008f100000| PB 0x000000008f100000| Complete |  0
| 242|0x000000008f200000, 0x000000008f300000, 0x000000008f300000|100%| E|CS|TAMS 0x000000008f200000| PB 0x000000008f200000| Complete |  0
| 243|0x000000008f300000, 0x000000008f400000, 0x000000008f400000|100%| E|CS|TAMS 0x000000008f300000| PB 0x000000008f300000| Complete |  0
| 244|0x000000008f400000, 0x000000008f500000, 0x000000008f500000|100%| E|CS|TAMS 0x000000008f400000| PB 0x000000008f400000| Complete |  0
| 245|0x000000008f500000, 0x000000008f600000, 0x000000008f600000|100%| E|CS|TAMS 0x000000008f500000| PB 0x000000008f500000| Complete |  0
| 246|0x000000008f600000, 0x000000008f700000, 0x000000008f700000|100%| E|CS|TAMS 0x000000008f600000| PB 0x000000008f600000| Complete |  0
| 247|0x000000008f700000, 0x000000008f800000, 0x000000008f800000|100%| E|CS|TAMS 0x000000008f700000| PB 0x000000008f700000| Complete |  0
| 248|0x000000008f800000, 0x000000008f900000, 0x000000008f900000|100%| E|CS|TAMS 0x000000008f800000| PB 0x000000008f800000| Complete |  0
| 249|0x000000008f900000, 0x000000008fa00000, 0x000000008fa00000|100%| E|CS|TAMS 0x000000008f900000| PB 0x000000008f900000| Complete |  0
| 250|0x000000008fa00000, 0x000000008fb00000, 0x000000008fb00000|100%| E|CS|TAMS 0x000000008fa00000| PB 0x000000008fa00000| Complete |  0
| 251|0x000000008fb00000, 0x000000008fc00000, 0x000000008fc00000|100%| E|CS|TAMS 0x000000008fb00000| PB 0x000000008fb00000| Complete |  0
| 252|0x000000008fc00000, 0x000000008fd00000, 0x000000008fd00000|100%| E|CS|TAMS 0x000000008fc00000| PB 0x000000008fc00000| Complete |  0
| 253|0x000000008fd00000, 0x000000008fe00000, 0x000000008fe00000|100%| E|CS|TAMS 0x000000008fd00000| PB 0x000000008fd00000| Complete |  0
| 254|0x000000008fe00000, 0x000000008ff00000, 0x000000008ff00000|100%| E|CS|TAMS 0x000000008fe00000| PB 0x000000008fe00000| Complete |  0
| 255|0x000000008ff00000, 0x0000000090000000, 0x0000000090000000|100%| E|CS|TAMS 0x000000008ff00000| PB 0x000000008ff00000| Complete |  0
| 256|0x0000000090000000, 0x0000000090100000, 0x0000000090100000|100%| E|CS|TAMS 0x0000000090000000| PB 0x0000000090000000| Complete |  0
| 257|0x0000000090100000, 0x0000000090200000, 0x0000000090200000|100%| E|CS|TAMS 0x0000000090100000| PB 0x0000000090100000| Complete |  0
| 258|0x0000000090200000, 0x0000000090300000, 0x0000000090300000|100%| E|CS|TAMS 0x0000000090200000| PB 0x0000000090200000| Complete |  0
| 259|0x0000000090300000, 0x0000000090400000, 0x0000000090400000|100%| E|CS|TAMS 0x0000000090300000| PB 0x0000000090300000| Complete |  0
| 260|0x0000000090400000, 0x0000000090500000, 0x0000000090500000|100%| E|CS|TAMS 0x0000000090400000| PB 0x0000000090400000| Complete |  0
| 261|0x0000000090500000, 0x0000000090600000, 0x0000000090600000|100%| E|CS|TAMS 0x0000000090500000| PB 0x0000000090500000| Complete |  0
| 262|0x0000000090600000, 0x0000000090700000, 0x0000000090700000|100%| E|CS|TAMS 0x0000000090600000| PB 0x0000000090600000| Complete |  0
| 263|0x0000000090700000, 0x0000000090800000, 0x0000000090800000|100%| E|CS|TAMS 0x0000000090700000| PB 0x0000000090700000| Complete |  0
| 264|0x0000000090800000, 0x0000000090900000, 0x0000000090900000|100%| E|CS|TAMS 0x0000000090800000| PB 0x0000000090800000| Complete |  0
| 265|0x0000000090900000, 0x0000000090a00000, 0x0000000090a00000|100%| E|CS|TAMS 0x0000000090900000| PB 0x0000000090900000| Complete |  0
| 266|0x0000000090a00000, 0x0000000090b00000, 0x0000000090b00000|100%| E|CS|TAMS 0x0000000090a00000| PB 0x0000000090a00000| Complete |  0
| 267|0x0000000090b00000, 0x0000000090c00000, 0x0000000090c00000|100%| E|CS|TAMS 0x0000000090b00000| PB 0x0000000090b00000| Complete |  0
| 268|0x0000000090c00000, 0x0000000090d00000, 0x0000000090d00000|100%| E|CS|TAMS 0x0000000090c00000| PB 0x0000000090c00000| Complete |  0
| 269|0x0000000090d00000, 0x0000000090e00000, 0x0000000090e00000|100%| E|CS|TAMS 0x0000000090d00000| PB 0x0000000090d00000| Complete |  0
| 270|0x0000000090e00000, 0x0000000090f00000, 0x0000000090f00000|100%| E|CS|TAMS 0x0000000090e00000| PB 0x0000000090e00000| Complete |  0
| 271|0x0000000090f00000, 0x0000000091000000, 0x0000000091000000|100%| E|CS|TAMS 0x0000000090f00000| PB 0x0000000090f00000| Complete |  0
| 272|0x0000000091000000, 0x0000000091100000, 0x0000000091100000|100%| E|CS|TAMS 0x0000000091000000| PB 0x0000000091000000| Complete |  0
| 273|0x0000000091100000, 0x0000000091200000, 0x0000000091200000|100%| E|CS|TAMS 0x0000000091100000| PB 0x0000000091100000| Complete |  0
| 274|0x0000000091200000, 0x0000000091300000, 0x0000000091300000|100%| E|CS|TAMS 0x0000000091200000| PB 0x0000000091200000| Complete |  0
| 275|0x0000000091300000, 0x0000000091400000, 0x0000000091400000|100%| E|CS|TAMS 0x0000000091300000| PB 0x0000000091300000| Complete |  0
| 276|0x0000000091400000, 0x0000000091500000, 0x0000000091500000|100%| E|CS|TAMS 0x0000000091400000| PB 0x0000000091400000| Complete |  0
| 277|0x0000000091500000, 0x0000000091600000, 0x0000000091600000|100%| E|CS|TAMS 0x0000000091500000| PB 0x0000000091500000| Complete |  0
| 278|0x0000000091600000, 0x0000000091700000, 0x0000000091700000|100%| E|CS|TAMS 0x0000000091600000| PB 0x0000000091600000| Complete |  0
| 379|0x0000000097b00000, 0x0000000097c00000, 0x0000000097c00000|100%| E|CS|TAMS 0x0000000097b00000| PB 0x0000000097b00000| Complete |  0
|2014|0x00000000fde00000, 0x00000000fdf00000, 0x00000000fdf00000|100%| E|CS|TAMS 0x00000000fde00000| PB 0x00000000fde00000| Complete |  0
|2015|0x00000000fdf00000, 0x00000000fe000000, 0x00000000fe000000|100%| O|  |TAMS 0x00000000fdf00000| PB 0x00000000fdf00000| Untracked |  0
|2016|0x00000000fe000000, 0x00000000fe100000, 0x00000000fe100000|100%| O|  |TAMS 0x00000000fe000000| PB 0x00000000fe000000| Untracked |  0
|2017|0x00000000fe100000, 0x00000000fe200000, 0x00000000fe200000|100%| O|  |TAMS 0x00000000fe100000| PB 0x00000000fe100000| Untracked |  0
|2018|0x00000000fe200000, 0x00000000fe300000, 0x00000000fe300000|100%| O|  |TAMS 0x00000000fe200000| PB 0x00000000fe200000| Untracked |  0
|2019|0x00000000fe300000, 0x00000000fe400000, 0x00000000fe400000|100%| O|  |TAMS 0x00000000fe300000| PB 0x00000000fe300000| Untracked |  0
|2020|0x00000000fe400000, 0x00000000fe500000, 0x00000000fe500000|100%| O|  |TAMS 0x00000000fe400000| PB 0x00000000fe400000| Untracked |  0
|2021|0x00000000fe500000, 0x00000000fe600000, 0x00000000fe600000|100%| O|  |TAMS 0x00000000fe500000| PB 0x00000000fe500000| Untracked |  0
|2022|0x00000000fe600000, 0x00000000fe700000, 0x00000000fe700000|100%| O|  |TAMS 0x00000000fe600000| PB 0x00000000fe600000| Untracked |  0
|2023|0x00000000fe700000, 0x00000000fe800000, 0x00000000fe800000|100%| E|CS|TAMS 0x00000000fe700000| PB 0x00000000fe700000| Complete |  0
|2024|0x00000000fe800000, 0x00000000fe900000, 0x00000000fe900000|100%| E|CS|TAMS 0x00000000fe800000| PB 0x00000000fe800000| Complete |  0
|2025|0x00000000fe900000, 0x00000000fea00000, 0x00000000fea00000|100%| O|  |TAMS 0x00000000fe900000| PB 0x00000000fe900000| Untracked |  0
|2026|0x00000000fea00000, 0x00000000feb00000, 0x00000000feb00000|100%| O|  |TAMS 0x00000000fea00000| PB 0x00000000fea00000| Untracked |  0
|2027|0x00000000feb00000, 0x00000000fec00000, 0x00000000fec00000|100%| E|CS|TAMS 0x00000000feb00000| PB 0x00000000feb00000| Complete |  0
|2028|0x00000000fec00000, 0x00000000fed00000, 0x00000000fed00000|100%| O|  |TAMS 0x00000000fec00000| PB 0x00000000fec00000| Untracked |  0
|2029|0x00000000fed00000, 0x00000000fee00000, 0x00000000fee00000|100%| O|  |TAMS 0x00000000fed00000| PB 0x00000000fed00000| Untracked |  0
|2030|0x00000000fee00000, 0x00000000fef00000, 0x00000000fef00000|100%| O|  |TAMS 0x00000000fee00000| PB 0x00000000fee00000| Untracked |  0
|2031|0x00000000fef00000, 0x00000000ff000000, 0x00000000ff000000|100%| E|CS|TAMS 0x00000000fef00000| PB 0x00000000fef00000| Complete |  0
|2032|0x00000000ff000000, 0x00000000ff100000, 0x00000000ff100000|100%| E|CS|TAMS 0x00000000ff000000| PB 0x00000000ff000000| Complete |  0
|2033|0x00000000ff100000, 0x00000000ff200000, 0x00000000ff200000|100%| E|CS|TAMS 0x00000000ff100000| PB 0x00000000ff100000| Complete |  0
|2034|0x00000000ff200000, 0x00000000ff300000, 0x00000000ff300000|100%| E|CS|TAMS 0x00000000ff200000| PB 0x00000000ff200000| Complete |  0
|2035|0x00000000ff300000, 0x00000000ff400000, 0x00000000ff400000|100%| O|  |TAMS 0x00000000ff300000| PB 0x00000000ff300000| Untracked |  0
|2036|0x00000000ff400000, 0x00000000ff500000, 0x00000000ff500000|100%| O|  |TAMS 0x00000000ff400000| PB 0x00000000ff400000| Untracked |  0
|2037|0x00000000ff500000, 0x00000000ff600000, 0x00000000ff600000|100%| O|  |TAMS 0x00000000ff500000| PB 0x00000000ff500000| Untracked |  0
|2038|0x00000000ff600000, 0x00000000ff700000, 0x00000000ff700000|100%| O|  |TAMS 0x00000000ff600000| PB 0x00000000ff600000| Untracked |  0
|2039|0x00000000ff700000, 0x00000000ff800000, 0x00000000ff800000|100%| O|  |TAMS 0x00000000ff700000| PB 0x00000000ff700000| Untracked |  0
|2040|0x00000000ff800000, 0x00000000ff900000, 0x00000000ff900000|100%| O|  |TAMS 0x00000000ff800000| PB 0x00000000ff800000| Untracked |  0
|2041|0x00000000ff900000, 0x00000000ffa00000, 0x00000000ffa00000|100%| O|  |TAMS 0x00000000ff900000| PB 0x00000000ff900000| Untracked |  0
|2042|0x00000000ffa00000, 0x00000000ffb00000, 0x00000000ffb00000|100%| O|  |TAMS 0x00000000ffa00000| PB 0x00000000ffa00000| Untracked |  0
|2043|0x00000000ffb00000, 0x00000000ffc00000, 0x00000000ffc00000|100%| O|  |TAMS 0x00000000ffb00000| PB 0x00000000ffb00000| Untracked |  0
|2044|0x00000000ffc00000, 0x00000000ffd00000, 0x00000000ffd00000|100%| O|  |TAMS 0x00000000ffc00000| PB 0x00000000ffc00000| Untracked |  0
|2045|0x00000000ffd00000, 0x00000000ffe00000, 0x00000000ffe00000|100%| O|  |TAMS 0x00000000ffd00000| PB 0x00000000ffd00000| Untracked |  0
|2046|0x00000000ffe00000, 0x00000000fff00000, 0x00000000fff00000|100%| O|  |TAMS 0x00000000ffe00000| PB 0x00000000ffe00000| Untracked |  0
|2047|0x00000000fff00000, 0x0000000100000000, 0x0000000100000000|100%| E|CS|TAMS 0x00000000fff00000| PB 0x00000000fff00000| Complete |  0

Card table byte_map: [0x000002117e0a0000,0x000002117e4a0000] _byte_map_base: 0x000002117dca0000

Marking Bits: (CMBitMap*) 0x000002117502d130
 Bits: [0x000002110f000000, 0x0000021111000000)

Polling page: 0x0000021172f80000

Metaspace:

Usage:
  Non-class:    136.32 MB used.
      Class:     16.25 MB used.
       Both:    152.57 MB used.

Virtual space:
  Non-class space:      192.00 MB reserved,     137.81 MB ( 72%) committed,  3 nodes.
      Class space:      416.00 MB reserved,      17.50 MB (  4%) committed,  1 nodes.
             Both:      608.00 MB reserved,     155.31 MB ( 26%) committed. 

Chunk freelists:
   Non-Class:  5.25 MB
       Class:  14.50 MB
        Both:  19.75 MB

MaxMetaspaceSize: 512.00 MB
CompressedClassSpaceSize: 416.00 MB
Initial GC threshold: 21.00 MB
Current GC threshold: 255.88 MB
CDS: on
 - commit_granule_bytes: 65536.
 - commit_granule_words: 8192.
 - virtual_space_node_default_size: 8388608.
 - enlarge_chunks_in_place: 1.
UseCompressedClassPointers 1, UseCompactObjectHeaders 0
Narrow klass pointer bits 32, Max shift 3
Narrow klass base: 0x0000021113000000, Narrow klass shift: 0
Encoding Range: [0x0000021113000000 - 0x0000021213000000), (4294967296 bytes)
Klass Range:    [0x0000021113000000 - 0x000002112e000000), (452984832 bytes)
Klass ID Range:  [8 - 452984825) (452984817)


Internal statistics:

num_allocs_failed_limit: 9.
num_arena_births: 4850.
num_arena_deaths: 12.
num_vsnodes_births: 4.
num_vsnodes_deaths: 0.
num_space_committed: 2484.
num_space_uncommitted: 0.
num_chunks_returned_to_freelist: 34.
num_chunks_taken_from_freelist: 11281.
num_chunk_merges: 11.
num_chunk_splits: 7923.
num_chunks_enlarged: 5623.
num_inconsistent_stats: 0.

CodeHeap 'non-profiled nmethods': size=120064Kb used=11264Kb max_used=11264Kb free=108799Kb
 bounds [0x0000021107ac0000, 0x00000211085d0000, 0x000002110f000000]
CodeHeap 'profiled nmethods': size=120000Kb used=44614Kb max_used=44614Kb free=75386Kb
 bounds [0x0000021100000000, 0x0000021102bb0000, 0x0000021107530000]
CodeHeap 'non-nmethods': size=5696Kb used=3241Kb max_used=3391Kb free=2455Kb
 bounds [0x0000021107530000, 0x00000211078a0000, 0x0000021107ac0000]
CodeCache: size=245760Kb, used=59119Kb, max_used=59269Kb, free=186640Kb
 total_blobs=22444, nmethods=21238, adapters=1106, full_count=0
Compilation: enabled, stopped_count=0, restarted_count=0

Compilation events (20 events):
Event: 151.040 Thread 0x000002117efad990 nmethod 26083 0x0000021102b96c08 code [0x0000021102b96f00, 0x0000021102b98cc0]
Event: 151.040 Thread 0x000002117efad990 26080       3       org.gradle.internal.instantiation.generator.AsmBackedClassGenerator$ClassBuilderImpl$$Lambda/0x00000211141abc68::<init> (44 bytes)
Event: 151.041 Thread 0x000002117efad990 nmethod 26080 0x0000021101643f88 code [0x00000211016440c0, 0x0000021101644460]
Event: 151.041 Thread 0x000002117efad990 26081       3       org.gradle.internal.instantiation.generator.AsmBackedClassGenerator$ClassBuilderImpl$$Lambda/0x00000211141abc68::emit (33 bytes)
Event: 151.042 Thread 0x000002117efad990 nmethod 26081 0x0000021100664d88 code [0x0000021100664ea0, 0x0000021100665008]
Event: 151.042 Thread 0x000002117efad990 26082       3       org.gradle.internal.instantiation.generator.AsmBackedClassGenerator$ClassBuilderImpl::lambda$addActionMethod$39 (21 bytes)
Event: 151.042 Thread 0x000002117efad990 nmethod 26082 0x000002110128a108 code [0x000002110128a220, 0x000002110128a420]
Event: 151.042 Thread 0x0000021134512880 nmethod 26074 0x00000211085b7c08 code [0x00000211085b7d40, 0x00000211085b81e0]
Event: 151.042 Thread 0x000002117efad990 26084       3       org.gradle.internal.instantiation.generator.AsmBackedClassGenerator$ClassBuilderImpl::access$3100 (4 bytes)
Event: 151.043 Thread 0x0000021134512880 26078       4       java.util.regex.Pattern$$Lambda/0x80000002b::is (9 bytes)
Event: 151.043 Thread 0x000002117efad990 nmethod 26084 0x000002110066a708 code [0x000002110066a820, 0x000002110066a910]
Event: 151.044 Thread 0x0000021134512880 nmethod 26078 0x00000211085b8308 code [0x00000211085b8400, 0x00000211085b8488]
Event: 151.044 Thread 0x0000021134512880 26075   !   4       org.gradle.launcher.daemon.server.exec.DaemonConnectionBackedEventConsumer$ForwardEvents::dispatchEvent (26 bytes)
Event: 151.049 Thread 0x0000021134512880 nmethod 26075 0x00000211085b8608 code [0x00000211085b8740, 0x00000211085b8938]
Event: 151.049 Thread 0x0000021134512880 26076       4       org.gradle.internal.operations.DefaultBuildOperationRunner::assertParentRunning (47 bytes)
Event: 151.052 Thread 0x0000021134512880 nmethod 26076 0x00000211085b8a08 code [0x00000211085b8b00, 0x00000211085b8bc8]
Event: 151.064 Thread 0x000002117efad990 26085       3       java.util.regex.Pattern$BmpCharProperty::match (55 bytes)
Event: 151.065 Thread 0x000002117efad990 nmethod 26085 0x00000211006e4c08 code [0x00000211006e4d60, 0x00000211006e51e8]
Event: 151.748 Thread 0x0000021134512880 26086       4       java.util.HashMap$HashMapSpliterator::estimateSize (11 bytes)
Event: 152.081 Thread 0x0000021134512880 nmethod 26086 0x00000211085b8d08 code [0x00000211085b8e00, 0x00000211085b8ed0]

GC Heap History (20 events):
Event: 115.801 GC heap before
{Heap before GC invocations=50 (full 0):
 garbage-first heap   total reserved 2097152K, committed 285696K, used 229055K [0x0000000080000000, 0x0000000100000000)
  region size 1024K, 62 young (63488K), 5 survivors (5120K)
 Metaspace       used 144746K, committed 147520K, reserved 557056K
  class space    used 15574K, committed 16832K, reserved 425984K
}
Event: 115.810 GC heap after
{Heap after GC invocations=51 (full 0):
 garbage-first heap   total reserved 2097152K, committed 285696K, used 174413K [0x0000000080000000, 0x0000000100000000)
  region size 1024K, 8 young (8192K), 8 survivors (8192K)
 Metaspace       used 144746K, committed 147520K, reserved 557056K
  class space    used 15574K, committed 16832K, reserved 425984K
}
Event: 120.604 GC heap before
{Heap before GC invocations=51 (full 0):
 garbage-first heap   total reserved 2097152K, committed 285696K, used 259405K [0x0000000080000000, 0x0000000100000000)
  region size 1024K, 90 young (92160K), 8 survivors (8192K)
 Metaspace       used 145654K, committed 148416K, reserved 622592K
  class space    used 15587K, committed 16896K, reserved 425984K
}
Event: 120.629 GC heap after
{Heap after GC invocations=52 (full 0):
 garbage-first heap   total reserved 2097152K, committed 286720K, used 172684K [0x0000000080000000, 0x0000000100000000)
  region size 1024K, 12 young (12288K), 12 survivors (12288K)
 Metaspace       used 145654K, committed 148416K, reserved 622592K
  class space    used 15587K, committed 16896K, reserved 425984K
}
Event: 123.453 GC heap before
{Heap before GC invocations=52 (full 0):
 garbage-first heap   total reserved 2097152K, committed 286720K, used 254604K [0x0000000080000000, 0x0000000100000000)
  region size 1024K, 92 young (94208K), 12 survivors (12288K)
 Metaspace       used 146067K, committed 148864K, reserved 622592K
  class space    used 15588K, committed 16896K, reserved 425984K
}
Event: 123.473 GC heap after
{Heap after GC invocations=53 (full 0):
 garbage-first heap   total reserved 2097152K, committed 286720K, used 186008K [0x0000000080000000, 0x0000000100000000)
  region size 1024K, 12 young (12288K), 12 survivors (12288K)
 Metaspace       used 146067K, committed 148864K, reserved 622592K
  class space    used 15588K, committed 16896K, reserved 425984K
}
Event: 127.885 GC heap before
{Heap before GC invocations=53 (full 0):
 garbage-first heap   total reserved 2097152K, committed 286720K, used 257688K [0x0000000080000000, 0x0000000100000000)
  region size 1024K, 82 young (83968K), 12 survivors (12288K)
 Metaspace       used 150865K, committed 153664K, reserved 622592K
  class space    used 16105K, committed 17408K, reserved 425984K
}
Event: 127.901 GC heap after
{Heap after GC invocations=54 (full 0):
 garbage-first heap   total reserved 2097152K, committed 286720K, used 185369K [0x0000000080000000, 0x0000000100000000)
  region size 1024K, 5 young (5120K), 5 survivors (5120K)
 Metaspace       used 150865K, committed 153664K, reserved 622592K
  class space    used 16105K, committed 17408K, reserved 425984K
}
Event: 132.419 GC heap before
{Heap before GC invocations=55 (full 0):
 garbage-first heap   total reserved 2097152K, committed 288768K, used 259097K [0x0000000080000000, 0x0000000100000000)
  region size 1024K, 77 young (78848K), 5 survivors (5120K)
 Metaspace       used 151373K, committed 154176K, reserved 622592K
  class space    used 16148K, committed 17472K, reserved 425984K
}
Event: 132.434 GC heap after
{Heap after GC invocations=56 (full 0):
 garbage-first heap   total reserved 2097152K, committed 288768K, used 187246K [0x0000000080000000, 0x0000000100000000)
  region size 1024K, 10 young (10240K), 10 survivors (10240K)
 Metaspace       used 151373K, committed 154176K, reserved 622592K
  class space    used 16148K, committed 17472K, reserved 425984K
}
Event: 133.631 GC heap before
{Heap before GC invocations=56 (full 0):
 garbage-first heap   total reserved 2097152K, committed 288768K, used 271214K [0x0000000080000000, 0x0000000100000000)
  region size 1024K, 83 young (84992K), 10 survivors (10240K)
 Metaspace       used 151452K, committed 154240K, reserved 622592K
  class space    used 16148K, committed 17472K, reserved 425984K
}
Event: 133.663 GC heap after
{Heap after GC invocations=57 (full 0):
 garbage-first heap   total reserved 2097152K, committed 303104K, used 182126K [0x0000000080000000, 0x0000000100000000)
  region size 1024K, 11 young (11264K), 11 survivors (11264K)
 Metaspace       used 151452K, committed 154240K, reserved 622592K
  class space    used 16148K, committed 17472K, reserved 425984K
}
Event: 138.000 GC heap before
{Heap before GC invocations=57 (full 0):
 garbage-first heap   total reserved 2097152K, committed 303104K, used 265070K [0x0000000080000000, 0x0000000100000000)
  region size 1024K, 92 young (94208K), 11 survivors (11264K)
 Metaspace       used 153737K, committed 156544K, reserved 622592K
  class space    used 16411K, committed 17728K, reserved 425984K
}
Event: 138.022 GC heap after
{Heap after GC invocations=58 (full 0):
 garbage-first heap   total reserved 2097152K, committed 303104K, used 194518K [0x0000000080000000, 0x0000000100000000)
  region size 1024K, 11 young (11264K), 11 survivors (11264K)
 Metaspace       used 153737K, committed 156544K, reserved 622592K
  class space    used 16411K, committed 17728K, reserved 425984K
}
Event: 142.708 GC heap before
{Heap before GC invocations=58 (full 0):
 garbage-first heap   total reserved 2097152K, committed 303104K, used 268246K [0x0000000080000000, 0x0000000100000000)
  region size 1024K, 84 young (86016K), 11 survivors (11264K)
 Metaspace       used 154354K, committed 157184K, reserved 622592K
  class space    used 16468K, committed 17792K, reserved 425984K
}
Event: 142.727 GC heap after
{Heap after GC invocations=59 (full 0):
 garbage-first heap   total reserved 2097152K, committed 303104K, used 200298K [0x0000000080000000, 0x0000000100000000)
  region size 1024K, 6 young (6144K), 6 survivors (6144K)
 Metaspace       used 154354K, committed 157184K, reserved 622592K
  class space    used 16468K, committed 17792K, reserved 425984K
}
Event: 144.270 GC heap before
{Heap before GC invocations=60 (full 0):
 garbage-first heap   total reserved 2097152K, committed 321536K, used 264810K [0x0000000080000000, 0x0000000100000000)
  region size 1024K, 78 young (79872K), 6 survivors (6144K)
 Metaspace       used 154423K, committed 157248K, reserved 622592K
  class space    used 16468K, committed 17792K, reserved 425984K
}
Event: 144.285 GC heap after
{Heap after GC invocations=61 (full 0):
 garbage-first heap   total reserved 2097152K, committed 321536K, used 199030K [0x0000000080000000, 0x0000000100000000)
  region size 1024K, 10 young (10240K), 10 survivors (10240K)
 Metaspace       used 154423K, committed 157248K, reserved 622592K
  class space    used 16468K, committed 17792K, reserved 425984K
}
Event: 147.422 GC heap before
{Heap before GC invocations=61 (full 0):
 garbage-first heap   total reserved 2097152K, committed 321536K, used 290166K [0x0000000080000000, 0x0000000100000000)
  region size 1024K, 98 young (100352K), 10 survivors (10240K)
 Metaspace       used 154843K, committed 157696K, reserved 622592K
  class space    used 16477K, committed 17792K, reserved 425984K
}
Event: 147.441 GC heap after
{Heap after GC invocations=62 (full 0):
 garbage-first heap   total reserved 2097152K, committed 321536K, used 196080K [0x0000000080000000, 0x0000000100000000)
  region size 1024K, 13 young (13312K), 13 survivors (13312K)
 Metaspace       used 154843K, committed 157696K, reserved 622592K
  class space    used 16477K, committed 17792K, reserved 425984K
}

Dll operation events (15 events):
Event: 0.047 Loaded shared library C:\Program Files\Java\jdk-24\bin\java.dll
Event: 0.168 Loaded shared library C:\Program Files\Java\jdk-24\bin\jsvml.dll
Event: 0.338 Loaded shared library C:\Program Files\Java\jdk-24\bin\zip.dll
Event: 0.372 Loaded shared library C:\Program Files\Java\jdk-24\bin\instrument.dll
Event: 0.384 Loaded shared library C:\Program Files\Java\jdk-24\bin\net.dll
Event: 0.394 Loaded shared library C:\Program Files\Java\jdk-24\bin\nio.dll
Event: 0.409 Loaded shared library C:\Program Files\Java\jdk-24\bin\zip.dll
Event: 1.791 Loaded shared library C:\Program Files\Java\jdk-24\bin\jimage.dll
Event: 2.417 Loaded shared library C:\Program Files\Java\jdk-24\bin\verify.dll
Event: 2.737 Loaded shared library C:\Users\HP\.gradle\native\1def1411415f61bf3af743bc5b6707747c0891f09f0c88961ee8f79bc544acac\windows-amd64\native-platform.dll
Event: 2.792 Loaded shared library C:\Users\HP\.gradle\native\0.2.7\x86_64-windows-gnu\gradle-fileevents.dll
Event: 7.594 Loaded shared library C:\Program Files\Java\jdk-24\bin\management.dll
Event: 7.602 Loaded shared library C:\Program Files\Java\jdk-24\bin\management_ext.dll
Event: 8.288 Loaded shared library C:\Program Files\Java\jdk-24\bin\extnet.dll
Event: 9.193 Loaded shared library C:\Program Files\Java\jdk-24\bin\sunmscapi.dll

Deoptimization events (20 events):
Event: 150.920 Thread 0x0000021133ea6410 Uncommon trap: trap_request=0xffffffde fr.pc=0x0000021108309660 relative=0x0000000000000700
Event: 150.920 Thread 0x0000021133ea6410 Uncommon trap: reason=class_check action=maybe_recompile pc=0x0000021108309660 method=com.google.common.collect.Sets$1$1.computeNext()Ljava/lang/Object; @ 16 c2
Event: 150.920 Thread 0x0000021133ea6410 DEOPT PACKING pc=0x0000021108309660 sp=0x000000ce129f7ea0
Event: 150.920 Thread 0x0000021133ea6410 DEOPT UNPACKING pc=0x0000021107656d02 sp=0x000000ce129f7d90 mode 2
Event: 150.920 Thread 0x0000021133ea6410 Uncommon trap: trap_request=0xffffffde fr.pc=0x0000021108309660 relative=0x0000000000000700
Event: 150.920 Thread 0x0000021133ea6410 Uncommon trap: reason=class_check action=maybe_recompile pc=0x0000021108309660 method=com.google.common.collect.Sets$1$1.computeNext()Ljava/lang/Object; @ 16 c2
Event: 150.920 Thread 0x0000021133ea6410 DEOPT PACKING pc=0x0000021108309660 sp=0x000000ce129f7ea0
Event: 150.920 Thread 0x0000021133ea6410 DEOPT UNPACKING pc=0x0000021107656d02 sp=0x000000ce129f7d90 mode 2
Event: 150.920 Thread 0x0000021133ea6410 Uncommon trap: trap_request=0xffffffde fr.pc=0x0000021108309660 relative=0x0000000000000700
Event: 150.920 Thread 0x0000021133ea6410 Uncommon trap: reason=class_check action=maybe_recompile pc=0x0000021108309660 method=com.google.common.collect.Sets$1$1.computeNext()Ljava/lang/Object; @ 16 c2
Event: 150.920 Thread 0x0000021133ea6410 DEOPT PACKING pc=0x0000021108309660 sp=0x000000ce129f7ea0
Event: 150.921 Thread 0x0000021133ea6410 DEOPT UNPACKING pc=0x0000021107656d02 sp=0x000000ce129f7d90 mode 2
Event: 150.954 Thread 0x0000021133ea6410 Uncommon trap: trap_request=0xffffffde fr.pc=0x00000211081ba8e8 relative=0x0000000000000328
Event: 150.954 Thread 0x0000021133ea6410 Uncommon trap: reason=class_check action=maybe_recompile pc=0x00000211081ba8e8 method=kotlin.text.StringsKt__StringsKt.indexOf(Ljava/lang/CharSequence;Ljava/lang/String;IZ)I @ 18 c2
Event: 150.955 Thread 0x0000021133ea6410 DEOPT PACKING pc=0x00000211081ba8e8 sp=0x000000ce129f6af0
Event: 150.955 Thread 0x0000021133ea6410 DEOPT UNPACKING pc=0x0000021107656d02 sp=0x000000ce129f6aa0 mode 2
Event: 150.966 Thread 0x0000021133ea6410 Uncommon trap: trap_request=0xffffffde fr.pc=0x00000211081ba8e8 relative=0x0000000000000328
Event: 150.966 Thread 0x0000021133ea6410 Uncommon trap: reason=class_check action=maybe_recompile pc=0x00000211081ba8e8 method=kotlin.text.StringsKt__StringsKt.indexOf(Ljava/lang/CharSequence;Ljava/lang/String;IZ)I @ 18 c2
Event: 150.966 Thread 0x0000021133ea6410 DEOPT PACKING pc=0x00000211081ba8e8 sp=0x000000ce129f6400
Event: 150.966 Thread 0x0000021133ea6410 DEOPT UNPACKING pc=0x0000021107656d02 sp=0x000000ce129f63b0 mode 2

Classes loaded (20 events):
Event: 135.669 Loading class java/text/ChoiceFormat
Event: 135.670 Loading class java/text/ChoiceFormat done
Event: 135.678 Loading class java/util/stream/ReferencePipeline$6
Event: 135.678 Loading class java/util/stream/DoublePipeline$StatelessOp
Event: 135.679 Loading class java/util/stream/DoublePipeline
Event: 135.681 Loading class java/util/stream/DoublePipeline done
Event: 135.682 Loading class java/util/stream/DoublePipeline$StatelessOp done
Event: 135.682 Loading class java/util/stream/ReferencePipeline$6 done
Event: 135.683 Loading class java/util/stream/Nodes$DoubleFixedNodeBuilder
Event: 135.684 Loading class java/util/stream/Node$Builder$OfDouble
Event: 135.684 Loading class java/util/stream/Sink$OfDouble
Event: 135.684 Loading class java/util/stream/Sink$OfDouble done
Event: 135.684 Loading class java/util/stream/Node$Builder$OfDouble done
Event: 135.684 Loading class java/util/stream/Nodes$DoubleArrayNode
Event: 135.685 Loading class java/util/stream/Nodes$DoubleArrayNode done
Event: 135.685 Loading class java/util/stream/Nodes$DoubleFixedNodeBuilder done
Event: 135.685 Loading class java/util/stream/ReferencePipeline$6$1
Event: 135.685 Loading class java/util/stream/ReferencePipeline$6$1 done
Event: 135.760 Loading class java/text/MessageFormat$Field
Event: 135.760 Loading class java/text/MessageFormat$Field done

Classes unloaded (20 events):
Event: 41.304 Thread 0x000002117ef89e40 Unloading class 0x0000021114552800 '_BuildScript_$_run_closure1$_closure2$_closure3'
Event: 41.304 Thread 0x000002117ef89e40 Unloading class 0x0000021114552400 '_BuildScript_$_run_closure1$_closure2'
Event: 41.304 Thread 0x000002117ef89e40 Unloading class 0x0000021114552000 '_BuildScript_$_run_closure1'
Event: 41.304 Thread 0x000002117ef89e40 Unloading class 0x0000021114551800 '_BuildScript_'
Event: 41.304 Thread 0x000002117ef89e40 Unloading class 0x0000021114549400 '_BuildScript_$_run_closure1$_closure2$_closure3$_closure4'
Event: 41.304 Thread 0x000002117ef89e40 Unloading class 0x0000021114549000 '_BuildScript_$_run_closure1$_closure2$_closure3'
Event: 41.304 Thread 0x000002117ef89e40 Unloading class 0x0000021114548948 '_BuildScript_$_run_closure1$_closure2'
Event: 41.304 Thread 0x000002117ef89e40 Unloading class 0x0000021114548548 '_BuildScript_$_run_closure1'
Event: 41.304 Thread 0x000002117ef89e40 Unloading class 0x0000021114548000 '_BuildScript_'
Event: 41.305 Thread 0x000002117ef89e40 Unloading class 0x0000021114546000 '_BuildScript_$_run_closure1$_closure2'
Event: 41.305 Thread 0x000002117ef89e40 Unloading class 0x0000021114545948 '_BuildScript_$_run_closure1'
Event: 41.305 Thread 0x000002117ef89e40 Unloading class 0x0000021114545400 '_BuildScript_'
Event: 41.305 Thread 0x000002117ef89e40 Unloading class 0x0000021114545000 'ProtobufPatchPlugin$_apply_closure1$_closure2$_closure3$_closure4'
Event: 41.305 Thread 0x000002117ef89e40 Unloading class 0x0000021114544ae0 'ProtobufPatchPlugin$_apply_closure1$_closure2$_closure3'
Event: 41.305 Thread 0x000002117ef89e40 Unloading class 0x00000211145446e0 'ProtobufPatchPlugin$_apply_closure1$_closure2'
Event: 41.305 Thread 0x000002117ef89e40 Unloading class 0x00000211145442e0 'ProtobufPatchPlugin$_apply_closure1'
Event: 41.305 Thread 0x000002117ef89e40 Unloading class 0x0000021114544000 'ProtobufPatchPlugin'
Event: 41.305 Thread 0x000002117ef89e40 Unloading class 0x00000211144b8948 '_BuildScript_$_run_closure1$_closure2'
Event: 41.305 Thread 0x000002117ef89e40 Unloading class 0x00000211144b8548 '_BuildScript_$_run_closure1'
Event: 41.305 Thread 0x000002117ef89e40 Unloading class 0x00000211144b8000 '_BuildScript_'

Classes redefined (0 events):
No events

Internal exceptions (20 events):
Event: 145.703 Thread 0x0000021133ea6410 Exception <a 'sun/nio/fs/WindowsException'{0x0000000090b1c1c8}> (0x0000000090b1c1c8) 
thrown [s\open\src\hotspot\share\prims\jni.cpp, line 518]
Event: 145.722 Thread 0x0000021133ea6410 Exception <a 'sun/nio/fs/WindowsException'{0x0000000090b2bf30}> (0x0000000090b2bf30) 
thrown [s\open\src\hotspot\share\prims\jni.cpp, line 518]
Event: 145.744 Thread 0x0000021133ea6410 Exception <a 'sun/nio/fs/WindowsException'{0x0000000090b339c8}> (0x0000000090b339c8) 
thrown [s\open\src\hotspot\share\prims\jni.cpp, line 518]
Event: 146.549 Thread 0x0000021133ea6410 Exception <a 'sun/nio/fs/WindowsException'{0x00000000904ea288}> (0x00000000904ea288) 
thrown [s\open\src\hotspot\share\prims\jni.cpp, line 518]
Event: 146.549 Thread 0x0000021133ea6410 Exception <a 'sun/nio/fs/WindowsException'{0x00000000904ec598}> (0x00000000904ec598) 
thrown [s\open\src\hotspot\share\prims\jni.cpp, line 518]
Event: 149.946 Thread 0x0000021133ea6410 Exception <a 'sun/nio/fs/WindowsException'{0x000000008edb2cc8}> (0x000000008edb2cc8) 
thrown [s\open\src\hotspot\share\prims\jni.cpp, line 518]
Event: 149.949 Thread 0x0000021133ea6410 Exception <a 'sun/nio/fs/WindowsException'{0x000000008edb4e68}> (0x000000008edb4e68) 
thrown [s\open\src\hotspot\share\prims\jni.cpp, line 518]
Event: 149.953 Thread 0x0000021133ea6410 Exception <a 'sun/nio/fs/WindowsException'{0x000000008edc01b8}> (0x000000008edc01b8) 
thrown [s\open\src\hotspot\share\prims\jni.cpp, line 518]
Event: 149.971 Thread 0x0000021133ea6410 Exception <a 'sun/nio/fs/WindowsException'{0x000000008edcb688}> (0x000000008edcb688) 
thrown [s\open\src\hotspot\share\prims\jni.cpp, line 518]
Event: 149.993 Thread 0x0000021133ea6410 Exception <a 'sun/nio/fs/WindowsException'{0x000000008edd3fb8}> (0x000000008edd3fb8) 
thrown [s\open\src\hotspot\share\prims\jni.cpp, line 518]
Event: 150.014 Thread 0x0000021133ea6410 Exception <a 'sun/nio/fs/WindowsException'{0x000000008eddda70}> (0x000000008eddda70) 
thrown [s\open\src\hotspot\share\prims\jni.cpp, line 518]
Event: 150.033 Thread 0x0000021133ea6410 Exception <a 'sun/nio/fs/WindowsException'{0x000000008ede6c90}> (0x000000008ede6c90) 
thrown [s\open\src\hotspot\share\prims\jni.cpp, line 518]
Event: 150.049 Thread 0x0000021133ea6410 Exception <a 'sun/nio/fs/WindowsException'{0x000000008edef628}> (0x000000008edef628) 
thrown [s\open\src\hotspot\share\prims\jni.cpp, line 518]
Event: 150.067 Thread 0x0000021133ea6410 Exception <a 'sun/nio/fs/WindowsException'{0x000000008edf8118}> (0x000000008edf8118) 
thrown [s\open\src\hotspot\share\prims\jni.cpp, line 518]
Event: 150.084 Thread 0x0000021133ea6410 Exception <a 'sun/nio/fs/WindowsException'{0x000000008ec01f60}> (0x000000008ec01f60) 
thrown [s\open\src\hotspot\share\prims\jni.cpp, line 518]
Event: 150.105 Thread 0x0000021133ea6410 Exception <a 'sun/nio/fs/WindowsException'{0x000000008ec0adf8}> (0x000000008ec0adf8) 
thrown [s\open\src\hotspot\share\prims\jni.cpp, line 518]
Event: 150.127 Thread 0x0000021133ea6410 Exception <a 'sun/nio/fs/WindowsException'{0x000000008ec12c60}> (0x000000008ec12c60) 
thrown [s\open\src\hotspot\share\prims\jni.cpp, line 518]
Event: 150.146 Thread 0x0000021133ea6410 Exception <a 'sun/nio/fs/WindowsException'{0x000000008ec19d60}> (0x000000008ec19d60) 
thrown [s\open\src\hotspot\share\prims\jni.cpp, line 518]
Event: 150.169 Thread 0x0000021133ea6410 Exception <a 'sun/nio/fs/WindowsException'{0x000000008ec29f48}> (0x000000008ec29f48) 
thrown [s\open\src\hotspot\share\prims\jni.cpp, line 518]
Event: 150.195 Thread 0x0000021133ea6410 Exception <a 'sun/nio/fs/WindowsException'{0x000000008ec319a8}> (0x000000008ec319a8) 
thrown [s\open\src\hotspot\share\prims\jni.cpp, line 518]

VM Operations (20 events):
Event: 136.627 Executing VM operation: HandshakeAllThreads (Deoptimize)
Event: 136.627 Executing VM operation: HandshakeAllThreads (Deoptimize) done
Event: 137.551 Executing VM operation: HandshakeAllThreads (Deoptimize)
Event: 137.551 Executing VM operation: HandshakeAllThreads (Deoptimize) done
Event: 137.916 Executing VM operation: HandshakeAllThreads (Deoptimize)
Event: 137.916 Executing VM operation: HandshakeAllThreads (Deoptimize) done
Event: 137.999 Executing VM operation: G1CollectForAllocation (G1 Evacuation Pause)
Event: 138.022 Executing VM operation: G1CollectForAllocation (G1 Evacuation Pause) done
Event: 138.134 Executing VM operation: HandshakeAllThreads (Deoptimize)
Event: 138.134 Executing VM operation: HandshakeAllThreads (Deoptimize) done
Event: 142.708 Executing VM operation: G1CollectForAllocation (G1 Evacuation Pause)
Event: 142.727 Executing VM operation: G1CollectForAllocation (G1 Evacuation Pause) done
Event: 143.025 Executing VM operation: G1PauseRemark
Event: 143.045 Executing VM operation: G1PauseRemark done
Event: 143.151 Executing VM operation: G1PauseCleanup
Event: 143.154 Executing VM operation: G1PauseCleanup done
Event: 144.270 Executing VM operation: G1CollectForAllocation (G1 Evacuation Pause)
Event: 144.285 Executing VM operation: G1CollectForAllocation (G1 Evacuation Pause) done
Event: 147.422 Executing VM operation: G1CollectForAllocation (G1 Evacuation Pause)
Event: 147.441 Executing VM operation: G1CollectForAllocation (G1 Evacuation Pause) done

Memory protections (0 events):
No events

Nmethod flushes (20 events):
Event: 143.041 Thread 0x000002117ef89e40 flushing  nmethod 0x0000021101083188
Event: 143.041 Thread 0x000002117ef89e40 flushing  nmethod 0x0000021101083608
Event: 143.041 Thread 0x000002117ef89e40 flushing  nmethod 0x0000021101085a08
Event: 143.041 Thread 0x000002117ef89e40 flushing  nmethod 0x000002110119dc88
Event: 143.041 Thread 0x000002117ef89e40 flushing  nmethod 0x00000211012a3908
Event: 143.041 Thread 0x000002117ef89e40 flushing  nmethod 0x00000211012a4808
Event: 143.041 Thread 0x000002117ef89e40 flushing  nmethod 0x00000211012a6788
Event: 143.041 Thread 0x000002117ef89e40 flushing  nmethod 0x00000211012a8c08
Event: 143.041 Thread 0x000002117ef89e40 flushing  nmethod 0x00000211012a9f08
Event: 143.041 Thread 0x000002117ef89e40 flushing  nmethod 0x00000211012ab108
Event: 143.041 Thread 0x000002117ef89e40 flushing  nmethod 0x00000211012adb08
Event: 143.041 Thread 0x000002117ef89e40 flushing  nmethod 0x00000211015f5588
Event: 143.041 Thread 0x000002117ef89e40 flushing  nmethod 0x00000211016ca488
Event: 143.041 Thread 0x000002117ef89e40 flushing  nmethod 0x00000211016d0d08
Event: 143.041 Thread 0x000002117ef89e40 flushing  nmethod 0x00000211016d6c08
Event: 143.041 Thread 0x000002117ef89e40 flushing  nmethod 0x00000211016d6f08
Event: 143.041 Thread 0x000002117ef89e40 flushing  nmethod 0x0000021101729408
Event: 143.041 Thread 0x000002117ef89e40 flushing  nmethod 0x00000211017a7f88
Event: 143.041 Thread 0x000002117ef89e40 flushing  nmethod 0x00000211019df388
Event: 143.041 Thread 0x000002117ef89e40 flushing  nmethod 0x0000021101db7c88

Events (20 events):
Event: 138.486 Thread 0x0000021133ea6410 Thread added: 0x0000021148055490
Event: 138.487 Thread 0x0000021133ea6410 Thread added: 0x00000211480545f0
Event: 138.519 Thread 0x0000021133ea6410 Thread added: 0x000002114805a500
Event: 138.521 Thread 0x0000021133ea6410 Thread added: 0x0000021148058070
Event: 138.523 Thread 0x0000021133ea6410 Thread added: 0x0000021148058f10
Event: 138.524 Thread 0x0000021133ea6410 Thread added: 0x00000211480587c0
Event: 138.527 Thread 0x0000021133ea6410 Thread added: 0x0000021148059660
Event: 138.529 Thread 0x0000021133ea6410 Thread added: 0x0000021148059db0
Event: 138.531 Thread 0x0000021133ea6410 Thread added: 0x0000021148566b20
Event: 138.856 Thread 0x0000021136b1b8f0 Thread exited: 0x0000021136b1b8f0
Event: 140.640 Thread 0x0000021136b1d730 Thread exited: 0x0000021136b1d730
Event: 142.409 Thread 0x000002117efad990 Thread added: 0x0000021136b1b8f0
Event: 143.251 Thread 0x0000021136b1b8f0 Thread added: 0x0000021136b20c20
Event: 143.471 Thread 0x0000021136b20c20 Thread exited: 0x0000021136b20c20
Event: 144.672 Thread 0x0000021136b1b8f0 Thread exited: 0x0000021136b1b8f0
Event: 146.527 Thread 0x000002117efad990 Thread added: 0x0000021136b20490
Event: 149.064 Thread 0x0000021136b20490 Thread exited: 0x0000021136b20490
Event: 149.738 Thread 0x000002117efad990 Thread added: 0x0000021134512880
Event: 150.202 Thread 0x0000021134512880 Thread exited: 0x0000021134512880
Event: 150.973 Thread 0x000002117efad990 Thread added: 0x0000021134512880


Dynamic libraries:
0x00007ff63b230000 - 0x00007ff63b240000 	C:\Program Files\Java\jdk-24\bin\java.exe
0x00007ffb08a40000 - 0x00007ffb08ca7000 	C:\WINDOWS\SYSTEM32\ntdll.dll
0x00007ffaf44b0000 - 0x00007ffaf44d1000 	C:\Program Files\Avast Software\Avast\aswhook.dll
0x00007ffb069b0000 - 0x00007ffb06a79000 	C:\WINDOWS\System32\KERNEL32.DLL
0x00007ffb060e0000 - 0x00007ffb064d4000 	C:\WINDOWS\System32\KERNELBASE.dll
0x00007ffb02630000 - 0x00007ffb026cf000 	C:\WINDOWS\SYSTEM32\apphelp.dll
0x00007ffb05310000 - 0x00007ffb0545b000 	C:\WINDOWS\System32\ucrtbase.dll
0x00007ffac7b70000 - 0x00007ffac7b8b000 	C:\Program Files\Java\jdk-24\bin\VCRUNTIME140.dll
0x00007ffac4010000 - 0x00007ffac4026000 	C:\Program Files\Java\jdk-24\bin\jli.dll
0x00007ffb06d10000 - 0x00007ffb06ed5000 	C:\WINDOWS\System32\USER32.dll
0x00007ffae8e80000 - 0x00007ffae9113000 	C:\WINDOWS\WinSxS\amd64_microsoft.windows.common-controls_6595b64144ccf1df_6.0.26100.8115_none_3e075c82e3354f9c\COMCTL32.dll
0x00007ffb05460000 - 0x00007ffb05487000 	C:\WINDOWS\System32\win32u.dll
0x00007ffb07f00000 - 0x00007ffb07fa9000 	C:\WINDOWS\System32\msvcrt.dll
0x00007ffb089d0000 - 0x00007ffb089fb000 	C:\WINDOWS\System32\GDI32.dll
0x00007ffb05600000 - 0x00007ffb0572a000 	C:\WINDOWS\System32\gdi32full.dll
0x00007ffb057c0000 - 0x00007ffb05863000 	C:\WINDOWS\System32\msvcp_win.dll
0x00007ffb072e0000 - 0x00007ffb07312000 	C:\WINDOWS\System32\IMM32.DLL
0x00007ffae5cd0000 - 0x00007ffae5cdc000 	C:\Program Files\Java\jdk-24\bin\vcruntime140_1.dll
0x00007ffa68f30000 - 0x00007ffa68fbe000 	C:\Program Files\Java\jdk-24\bin\msvcp140.dll
0x00007ffa0a5b0000 - 0x00007ffa0b351000 	C:\Program Files\Java\jdk-24\bin\server\jvm.dll
0x00007ffb07000000 - 0x00007ffb070b6000 	C:\WINDOWS\System32\ADVAPI32.dll
0x00007ffb06f40000 - 0x00007ffb06fe7000 	C:\WINDOWS\System32\sechost.dll
0x00007ffb08720000 - 0x00007ffb08838000 	C:\WINDOWS\System32\RPCRT4.dll
0x00007ffb070f0000 - 0x00007ffb07170000 	C:\WINDOWS\System32\WS2_32.dll
0x00007ffb05170000 - 0x00007ffb051ce000 	C:\WINDOWS\SYSTEM32\POWRPROF.dll
0x00007ffaf9f10000 - 0x00007ffaf9f46000 	C:\WINDOWS\SYSTEM32\WINMM.dll
0x00007ffaf2f90000 - 0x00007ffaf2f9b000 	C:\WINDOWS\SYSTEM32\VERSION.dll
0x00007ffb05150000 - 0x00007ffb05164000 	C:\WINDOWS\SYSTEM32\UMPDC.dll
0x00007ffb040a0000 - 0x00007ffb040bb000 	C:\WINDOWS\SYSTEM32\kernel.appcore.dll
0x00007ffae53a0000 - 0x00007ffae53aa000 	C:\Program Files\Java\jdk-24\bin\jimage.dll
0x00007ffb02c50000 - 0x00007ffb02e92000 	C:\WINDOWS\SYSTEM32\DBGHELP.DLL
0x00007ffb07b60000 - 0x00007ffb07ee2000 	C:\WINDOWS\System32\combase.dll
0x00007ffb073a0000 - 0x00007ffb07477000 	C:\WINDOWS\System32\OLEAUT32.dll
0x00007ffaf1c00000 - 0x00007ffaf1c3b000 	C:\WINDOWS\SYSTEM32\dbgcore.DLL
0x00007ffb064e0000 - 0x00007ffb06585000 	C:\WINDOWS\System32\bcryptPrimitives.dll
0x00007ffada7e0000 - 0x00007ffada7ef000 	C:\Program Files\Java\jdk-24\bin\instrument.dll
0x00007ffaaa890000 - 0x00007ffaaa8ae000 	C:\Program Files\Java\jdk-24\bin\java.dll
0x00007ffb06ad0000 - 0x00007ffb06c67000 	C:\WINDOWS\System32\ole32.dll
0x00007ffb07fb0000 - 0x00007ffb08716000 	C:\WINDOWS\System32\SHELL32.dll
0x00007ffb05490000 - 0x00007ffb055fa000 	C:\WINDOWS\System32\wintypes.dll
0x00007ffb05870000 - 0x00007ffb060d5000 	C:\WINDOWS\System32\windows.storage.dll
0x00007ffb088b0000 - 0x00007ffb089a7000 	C:\WINDOWS\System32\SHCORE.dll
0x00007ffb08840000 - 0x00007ffb088a6000 	C:\WINDOWS\System32\shlwapi.dll
0x00007ffb05230000 - 0x00007ffb05259000 	C:\WINDOWS\SYSTEM32\profapi.dll
0x00007ffa558c0000 - 0x00007ffa55997000 	C:\Program Files\Java\jdk-24\bin\jsvml.dll
0x00007ffa87ba0000 - 0x00007ffa87bb7000 	C:\Program Files\Java\jdk-24\bin\zip.dll
0x00007ffadbe70000 - 0x00007ffadbe80000 	C:\Program Files\Java\jdk-24\bin\net.dll
0x00007ffb04610000 - 0x00007ffb0467c000 	C:\WINDOWS\system32\mswsock.dll
0x00007ffa88180000 - 0x00007ffa88196000 	C:\Program Files\Java\jdk-24\bin\nio.dll
0x00007ffadbe50000 - 0x00007ffadbe60000 	C:\Program Files\Java\jdk-24\bin\verify.dll
0x00007ffa77af0000 - 0x00007ffa77b17000 	C:\Users\HP\.gradle\native\1def1411415f61bf3af743bc5b6707747c0891f09f0c88961ee8f79bc544acac\windows-amd64\native-platform.dll
0x00007ffa68a30000 - 0x00007ffa68aa8000 	C:\Users\HP\.gradle\native\0.2.7\x86_64-windows-gnu\gradle-fileevents.dll
0x00007ffadbba0000 - 0x00007ffadbbaa000 	C:\Program Files\Java\jdk-24\bin\management.dll
0x00007ffadb8c0000 - 0x00007ffadb8cb000 	C:\Program Files\Java\jdk-24\bin\management_ext.dll
0x00007ffb07480000 - 0x00007ffb07488000 	C:\WINDOWS\System32\PSAPI.DLL
0x00007ffb03a50000 - 0x00007ffb03a82000 	C:\WINDOWS\SYSTEM32\IPHLPAPI.DLL
0x00007ffb07ef0000 - 0x00007ffb07efa000 	C:\WINDOWS\System32\NSI.dll
0x00007ffadb290000 - 0x00007ffadb299000 	C:\Program Files\Java\jdk-24\bin\extnet.dll
0x00007ffb04900000 - 0x00007ffb0491b000 	C:\WINDOWS\SYSTEM32\CRYPTSP.dll
0x00007ffb04000000 - 0x00007ffb04039000 	C:\WINDOWS\system32\rsaenh.dll
0x00007ffb046c0000 - 0x00007ffb046f3000 	C:\WINDOWS\SYSTEM32\USERENV.dll
0x00007ffb05200000 - 0x00007ffb0522a000 	C:\WINDOWS\SYSTEM32\bcrypt.dll
0x00007ffb048f0000 - 0x00007ffb048fc000 	C:\WINDOWS\SYSTEM32\CRYPTBASE.dll
0x00007ffada700000 - 0x00007ffada70e000 	C:\Program Files\Java\jdk-24\bin\sunmscapi.dll
0x00007ffb06650000 - 0x00007ffb067c7000 	C:\WINDOWS\System32\CRYPT32.dll
0x00007ffb04b10000 - 0x00007ffb04b40000 	C:\WINDOWS\SYSTEM32\ncrypt.dll
0x00007ffb04ac0000 - 0x00007ffb04aff000 	C:\WINDOWS\SYSTEM32\NTASN1.dll
0x00007ffaf4450000 - 0x00007ffaf4458000 	C:\WINDOWS\system32\wshunix.dll
0x00007ffb041c0000 - 0x00007ffb041f6000 	C:\WINDOWS\SYSTEM32\ntmarta.dll

JVMTI agents:
C:\Users\HP\.gradle\wrapper\dists\gradle-8.14.3-bin\cv11ve7ro1n3o1j4so8xd9n66\gradle-8.14.3\lib\agents\gradle-instrumentation-agent-8.14.3.jar path:C:\Program Files\Java\jdk-24\bin\instrument.dll, loaded, initialized, instrumentlib options:none

dbghelp: loaded successfully - version: 4.0.5 - missing functions: none
symbol engine: initialized successfully - sym options: 0x614 - pdb path: .;C:\Program Files\Java\jdk-24\bin;C:\WINDOWS\SYSTEM32;C:\Program Files\Avast Software\Avast;C:\WINDOWS\WinSxS\amd64_microsoft.windows.common-controls_6595b64144ccf1df_6.0.26100.8115_none_3e075c82e3354f9c;C:\Program Files\Java\jdk-24\bin\server;C:\Users\HP\.gradle\native\1def1411415f61bf3af743bc5b6707747c0891f09f0c88961ee8f79bc544acac\windows-amd64;C:\Users\HP\.gradle\native\0.2.7\x86_64-windows-gnu

VM Arguments:
jvm_args: --add-opens=java.base/java.lang=ALL-UNNAMED --add-opens=java.base/java.lang.invoke=ALL-UNNAMED --add-opens=java.base/java.util=ALL-UNNAMED --add-opens=java.prefs/java.util.prefs=ALL-UNNAMED --add-exports=jdk.compiler/com.sun.tools.javac.api=ALL-UNNAMED --add-exports=jdk.compiler/com.sun.tools.javac.util=ALL-UNNAMED --add-opens=java.base/java.util=ALL-UNNAMED --add-opens=java.prefs/java.util.prefs=ALL-UNNAMED --add-opens=java.base/java.nio.charset=ALL-UNNAMED --add-opens=java.base/java.net=ALL-UNNAMED --add-opens=java.base/java.util.concurrent.atomic=ALL-UNNAMED --add-opens=java.xml/javax.xml.namespace=ALL-UNNAMED --enable-native-access=ALL-UNNAMED -XX:MaxMetaspaceSize=512m -Xmx2048m -Dfile.encoding=UTF-8 -Duser.country=US -Duser.language=en -Duser.variant -javaagent:C:\Users\HP\.gradle\wrapper\dists\gradle-8.14.3-bin\cv11ve7ro1n3o1j4so8xd9n66\gradle-8.14.3\lib\agents\gradle-instrumentation-agent-8.14.3.jar 
java_command: org.gradle.launcher.daemon.bootstrap.GradleDaemon 8.14.3
java_class_path (initial): C:\Users\HP\.gradle\wrapper\dists\gradle-8.14.3-bin\cv11ve7ro1n3o1j4so8xd9n66\gradle-8.14.3\lib\gradle-daemon-main-8.14.3.jar
Launcher Type: SUN_STANDARD

[Global flags]
     intx CICompilerCount                          = 4                                         {product} {ergonomic}
   size_t CompressedClassSpaceSize                 = 436207616                                 {product} {ergonomic}
     uint ConcGCThreads                            = 2                                         {product} {ergonomic}
     uint G1ConcRefinementThreads                  = 8                                         {product} {ergonomic}
   size_t G1HeapRegionSize                         = 1048576                                   {product} {ergonomic}
   size_t InitialHeapSize                          = 398458880                                 {product} {ergonomic}
   size_t MarkStackSize                            = 4194304                                   {product} {ergonomic}
   size_t MarkStackSizeMax                         = 536870912                                 {product} {ergonomic}
   size_t MaxHeapSize                              = 2147483648                                {product} {command line}
   size_t MaxMetaspaceSize                         = 536870912                                 {product} {command line}
   size_t MaxNewSize                               = 1287651328                                {product} {ergonomic}
   size_t MinHeapDeltaBytes                        = 1048576                                   {product} {ergonomic}
   size_t MinHeapSize                              = 8388608                                   {product} {ergonomic}
    uintx NonNMethodCodeHeapSize                   = 5832704                                {pd product} {ergonomic}
    uintx NonProfiledCodeHeapSize                  = 122945536                              {pd product} {ergonomic}
    uintx ProfiledCodeHeapSize                     = 122880000                              {pd product} {ergonomic}
    uintx ReservedCodeCacheSize                    = 251658240                              {pd product} {ergonomic}
     bool SegmentedCodeCache                       = true                                      {product} {ergonomic}
   size_t SoftMaxHeapSize                          = 2147483648                             {manageable} {ergonomic}
     bool UseCompressedOops                        = true                           {product lp64_product} {ergonomic}
     bool UseG1GC                                  = true                                      {product} {ergonomic}
     bool UseLargePagesIndividualAllocation        = false                                  {pd product} {ergonomic}

Logging:
Log output configuration:
 #0: stdout all=warning uptime,level,tags foldmultilines=false
 #1: stderr all=off uptime,level,tags foldmultilines=false

Environment Variables:
PATH=C:\Ruby34-x64\bin;C:\Program Files\dotnet;C:\Program Files\Java\jdk-24\bin;C:\Users\HP\AppData\Local\Programs\Python\Python312\Scripts;C:\Users\HP\AppData\Local\Programs\Python\Python312;C:\WINDOWS\system32;C:\WINDOWS;C:\WINDOWS\System32\Wbem;C:\WINDOWS\System32\WindowsPowerShell\v1.0\;C:\WINDOWS\System32\OpenSSH\;C:\Program Files\nodejs\;C:\ProgramData\chocolatey\bin;C:\Program Files\Git\cmd;C:\Program Files\dotnet\;C:\flutter\bin;C:\tools\dart-sdk;C:\Program Files\eSpeak NG\;C:\Program Files\PostgreSQL\17\bin;C:\Program Files\Go\bin;C:\Program Files\swipl\bin;C:\Users\HP\AppData\Local\Programs\Python\Python312\Scripts\;C:\Users\HP\AppData\Local\Programs\Python\Python312\;C:\Users\HP\.local\bin;C:\Users\HP\AppData\Local\Microsoft\WindowsApps;C:\Users\HP\AppData\Local\Programs\Microsoft VS Code\bin;C:\Users\HP\AppData\Roaming\npm;C:\tools\dart-sdk\bin;C:\Users\HP\AppData\Local\Pub\Cache\bin;C:\Users\HP\.dotnet\tools;C:\Users\HP\go\bin;C:\ghcup\bin;C:\Users\HP\AppData\Local\Programs\Antigravity\bin;C:\Users\HP\AppData\Local\PowerToys\DSCModules\
USERNAME=HP
OS=Windows_NT
PROCESSOR_IDENTIFIER=Intel64 Family 6 Model 140 Stepping 1, GenuineIntel
TMP=C:\Users\HP\AppData\Local\Temp
TEMP=C:\Users\HP\AppData\Local\Temp




Periodic native trim disabled

---------------  S Y S T E M  ---------------

OS:
 Windows 11 , 64 bit Build 26100 (10.0.26100.8115)
OS uptime: 0 days 10:22 hours
Hyper-V role detected

CPU: total 8 (initial active 8) (4 cores per cpu, 2 threads per core) family 6 model 140 stepping 1 microcode 0xb8, cx8, cmov, fxsr, ht, mmx, 3dnowpref, sse, sse2, sse3, ssse3, sse4.1, sse4.2, popcnt, lzcnt, tsc, tscinvbit, avx, avx2, aes, erms, clmul, bmi1, bmi2, adx, avx512f, avx512dq, avx512cd, avx512bw, avx512vl, sha, fma, vzeroupper, avx512_vpopcntdq, avx512_vpclmulqdq, avx512_vaes, avx512_vnni, clflush, clflushopt, clwb, avx512_vbmi2, avx512_vbmi, hv, rdtscp, rdpid, fsrm, gfni, avx512_bitalg, f16c, cet_ibt, cet_ss, avx512_ifma
Processor Information for the first 8 processors :
  Max Mhz: 2419, Current Mhz: 2419, Mhz Limit: 2419

Memory: 4k page, system-wide physical 24243M (5010M free)
TotalPageFile size 28339M (AvailPageFile size 38M)
current process WorkingSet (physical memory assigned to process): 717M, peak: 717M
current process commit charge ("private bytes"): 755M, peak: 767M

vm_info: Java HotSpot(TM) 64-Bit Server VM (24.0.2+12-54) for windows-amd64 JRE (24.0.2+12-54), built on 2025-07-08T12:10:27Z with MS VC++ 17.6 (VS2022)

END.
